id,id_politica,anio,politica,presupuesto,fuente
1,X999,1986,"Alta Dirección del Estado y del Gobierno",12960358000.00,https://www.boe.es/buscar/doc.php?id=BOE-A-1985-26831
2,X999,1986,"Administración General",27231094000.00,https://www.boe.es/buscar/doc.php?id=BOE-A-1985-26831
3,X999,1986,"Relaciones Exteriores",41362891000.00,https://www.boe.es/buscar/doc.php?id=BOE-A-1985-26831
4,01,1986,Justicia,84890114000.00,https://www.boe.es/buscar/doc.php?id=BOE-A-1985-26831
5,02,1986,Defensa,606338666000.00,https://www.boe.es/buscar/doc.php?id=BOE-A-1985-26831
6,X999,1986,"Seguridad y Protección Civil",276424306000.00,https://www.boe.es/buscar/doc.php?id=BOE-A-1985-26831
7,X999,1986,"Seguridad Social y Protección Social",4346187917000.00,https://www.boe.es/buscar/doc.php?id=BOE-A-1985-26831
8,X999,1986,"Promoción Social",110685542000.00,https://www.boe.es/buscar/doc.php?id=BOE-A-1985-26831
9,13,1986,Sanidad,1075689795000.00,https://www.boe.es/buscar/doc.php?id=BOE-A-1985-26831
10,14,1986,Educación,521814229000.00,https://www.boe.es/buscar/doc.php?id=BOE-A-1985-26831
11,X999,1986,Vivienda,65339488000.00,https://www.boe.es/buscar/doc.php?id=BOE-A-1985-26831
12,X999,1986,"Bienestar Comunitario",19324111000.00,https://www.boe.es/buscar/doc.php?id=BOE-A-1985-26831
13,15,1986,Cultura,51528092000.00,https://www.boe.es/buscar/doc.php?id=BOE-A-1985-26831
14,X999,1986,"Otros Servicios Comunitarios y Sociales",27075585000.00,https://www.boe.es/buscar/doc.php?id=BOE-A-1985-26831
15,X999,1986,"Infraestructuras Básicas y del Transporte",402613844000.00,https://www.boe.es/buscar/doc.php?id=BOE-A-1985-26831
16,X999,1986,Comunicaciones,99480722000.00,https://www.boe.es/buscar/doc.php?id=BOE-A-1985-26831
17,X999,1986,Infraestructuras,93982404000.00,https://www.boe.es/buscar/doc.php?id=BOE-A-1985-26831
18,X999,1986,"Investigación Científica, Técnica y Aplicada",83953295000.00,https://www.boe.es/buscar/doc.php?id=BOE-A-1985-26831
19,X999,1986,"Información Estadística Básica",16723749000.00,https://www.boe.es/buscar/doc.php?id=BOE-A-1985-26831
20,X999,1986,"Actuaciones Económicas Generales",17669093000.00,https://www.boe.es/buscar/doc.php?id=BOE-A-1985-26831
21,X999,1986,Comercio,19235944000.00,https://www.boe.es/buscar/doc.php?id=BOE-A-1985-26831
22,X999,1986,"Actividad Financiera",1132043484000.00,https://www.boe.es/buscar/doc.php?id=BOE-A-1985-26831
23,X999,1986,"Agricultura, Ganadería y Pesca",361843063000.00,https://www.boe.es/buscar/doc.php?id=BOE-A-1985-26831
24,X999,1986,Industria,152530238000.00,https://www.boe.es/buscar/doc.php?id=BOE-A-1985-26831
25,X999,1986,Energía,19385369000.00,https://www.boe.es/buscar/doc.php?id=BOE-A-1985-26831
26,X999,1986,Minería,34852142000.00,https://www.boe.es/buscar/doc.php?id=BOE-A-1985-26831
27,X999,1986,Turismo,15302659000.00,https://www.boe.es/buscar/doc.php?id=BOE-A-1985-26831
28,X999,1986,"Reconversión Industrial y Reindustrialización",368561184000.00,https://www.boe.es/buscar/doc.php?id=BOE-A-1985-26831
29,X999,1986,"Desarrollo Empresarial",31648311000.00,https://www.boe.es/buscar/doc.php?id=BOE-A-1985-26831
30,X999,1986,"Transferencias a Administraciones Públicas Territoriales",1036082442000.00,https://www.boe.es/buscar/doc.php?id=BOE-A-1985-26831
31,27,1986,"Deuda Pública",1089009530000.00,https://www.boe.es/buscar/doc.php?id=BOE-A-1985-26831
32,X999,1987,"Alta Dirección del Estado y del Gobierno",15839118000.00,https://www.boe.es/buscar/doc.php?id=BOE-A-1986-33382
33,X999,1987,"Administración General",27435423000.00,https://www.boe.es/buscar/doc.php?id=BOE-A-1986-33382
34,X999,1987,"Relaciones Exteriores",50031499000.00,https://www.boe.es/buscar/doc.php?id=BOE-A-1986-33382
35,01,1987,Justicia,98090866000.00,https://www.boe.es/buscar/doc.php?id=BOE-A-1986-33382
36,02,1987,Defensa,679732187000.00,https://www.boe.es/buscar/doc.php?id=BOE-A-1986-33382
37,X999,1987,"Seguridad y Protección Civil",307366204000.00,https://www.boe.es/buscar/doc.php?id=BOE-A-1986-33382
38,X999,1987,"Seguridad Social y Protección Social",4723657787000.00,https://www.boe.es/buscar/doc.php?id=BOE-A-1986-33382
39,X999,1987,"Promoción Social",230057625000.00,https://www.boe.es/buscar/doc.php?id=BOE-A-1986-33382
40,13,1987,Sanidad,1185422125000.00,https://www.boe.es/buscar/doc.php?id=BOE-A-1986-33382
41,14,1987,Educación,539706291000.00,https://www.boe.es/buscar/doc.php?id=BOE-A-1986-33382
42,X999,1987,Vivienda,71641118000.00,https://www.boe.es/buscar/doc.php?id=BOE-A-1986-33382
43,X999,1987,"Bienestar Comunitario",16698694000.00,https://www.boe.es/buscar/doc.php?id=BOE-A-1986-33382
44,15,1987,Cultura,54333973000.00,https://www.boe.es/buscar/doc.php?id=BOE-A-1986-33382
45,X999,1987,"Otros Servicios Comunitarios y Sociales",27991691000.00,https://www.boe.es/buscar/doc.php?id=BOE-A-1986-33382
46,X999,1987,"Infraestructuras Básicas y del Transporte",529282793000.00,https://www.boe.es/buscar/doc.php?id=BOE-A-1986-33382
47,X999,1987,Comunicaciones,111225217000.00,https://www.boe.es/buscar/doc.php?id=BOE-A-1986-33382
48,X999,1987,Infraestructura,82629659000.00,https://www.boe.es/buscar/doc.php?id=BOE-A-1986-33382
49,X999,1987,"Investigación Científica, Técnica y Aplicada",100268972000.00,https://www.boe.es/buscar/doc.php?id=BOE-A-1986-33382
50,X999,1987,"Información Estadística Básica",19669255000.00,https://www.boe.es/buscar/doc.php?id=BOE-A-1986-33382
51,X999,1987,"Actuaciones Económicas Generales",23176405000.00,https://www.boe.es/buscar/doc.php?id=BOE-A-1986-33382
52,X999,1987,Comercio,21287459000.00,https://www.boe.es/buscar/doc.php?id=BOE-A-1986-33382
53,X999,1987,"Actividad Financiera",1190351506000.00,https://www.boe.es/buscar/doc.php?id=BOE-A-1986-33382
54,X999,1987,"Agricultura, Ganadería y Pesca",397764614000.00,https://www.boe.es/buscar/doc.php?id=BOE-A-1986-33382
55,X999,1987,Industria,186935675000.00,https://www.boe.es/buscar/doc.php?id=BOE-A-1986-33382
56,X999,1987,Energía,26334477000.00,https://www.boe.es/buscar/doc.php?id=BOE-A-1986-33382
57,X999,1987,Minería,35304802000.00,https://www.boe.es/buscar/doc.php?id=BOE-A-1986-33382
58,X999,1987,Turismo,17522356000.00,https://www.boe.es/buscar/doc.php?id=BOE-A-1986-33382
59,X999,1987,"Reconversión Industrial y Reindustrialización",179170211000.00,https://www.boe.es/buscar/doc.php?id=BOE-A-1986-33382
60,X999,1987,"Desarrollo Empresarial",35455873000.00,https://www.boe.es/buscar/doc.php?id=BOE-A-1986-33382
61,X999,1987,"Transferencias a Administraciones Públicas Territoriales",1329686931000.00,https://www.boe.es/buscar/doc.php?id=BOE-A-1986-33382
62,27,1987,"Deuda Pública",1085586712000.00,https://www.boe.es/buscar/doc.php?id=BOE-A-1986-33382
63,X999,1988,"Alta Dirección del Estado y del Gobierno",20032295.00,https://www.boe.es/buscar/doc.php?id=BOE-A-1987-28404
64,X999,1988,"Administración General",29123309.00,https://www.boe.es/buscar/doc.php?id=BOE-A-1987-28404
65,X999,1988,"Relaciones Exteriores",61057822.00,https://www.boe.es/buscar/doc.php?id=BOE-A-1987-28404
66,01,1988,Justicia,123570777.00,https://www.boe.es/buscar/doc.php?id=BOE-A-1987-28404
67,02,1988,Defensa,729586062.00,https://www.boe.es/buscar/doc.php?id=BOE-A-1987-28404
68,X999,1988,"Seguridad y Protección Civil",359930436.00,https://www.boe.es/buscar/doc.php?id=BOE-A-1987-28404
69,X999,1988,"Seguridad y Protección Social",5099339979.00,https://www.boe.es/buscar/doc.php?id=BOE-A-1987-28404
70,X999,1988,"Promoción Social",266372917.00,https://www.boe.es/buscar/doc.php?id=BOE-A-1987-28404
71,13,1988,Sanidad,1350222962.00,https://www.boe.es/buscar/doc.php?id=BOE-A-1987-28404
72,14,1988,Educación,625390804.00,https://www.boe.es/buscar/doc.php?id=BOE-A-1987-28404
73,X999,1988,"Vivienda y Urbanismo",87891798.00,https://www.boe.es/buscar/doc.php?id=BOE-A-1987-28404
74,X999,1988,"Bienestar Comunitario",17783196.00,https://www.boe.es/buscar/doc.php?id=BOE-A-1987-28404
75,15,1988,Cultura,65112158.00,https://www.boe.es/buscar/doc.php?id=BOE-A-1987-28404
76,X999,1988,"Otros Servicios Comunitarios y Sociales",26426156.00,https://www.boe.es/buscar/doc.php?id=BOE-A-1987-28404
77,X999,1988,"Infraestructuras Básicas y Transportes",626020430.00,https://www.boe.es/buscar/doc.php?id=BOE-A-1987-28404
78,X999,1988,Comunicaciones,114637338.00,https://www.boe.es/buscar/doc.php?id=BOE-A-1987-28404
79,X999,1988,"Infraestructuras Agrarias",100064708.00,https://www.boe.es/buscar/doc.php?id=BOE-A-1987-28404
80,X999,1988,"Investigación Científica, Técnica y Aplicada",128028383.00,https://www.boe.es/buscar/doc.php?id=BOE-A-1987-28404
81,X999,1988,"Información Básica y Estadística",19786614.00,https://www.boe.es/buscar/doc.php?id=BOE-A-1987-28404
82,X999,1988,"Regulación económica",191592582.00,https://www.boe.es/buscar/doc.php?id=BOE-A-1987-28404
83,X999,1988,"Regulación comercial",28156261.00,https://www.boe.es/buscar/doc.php?id=BOE-A-1987-28404
84,X999,1988,"Regulación financiera",92757318.00,https://www.boe.es/buscar/doc.php?id=BOE-A-1987-28404
85,X999,1988,"Agricultura, Ganadería y Pesca",534586915.00,https://www.boe.es/buscar/doc.php?id=BOE-A-1987-28404
86,X999,1988,Industria,440498279.00,https://www.boe.es/buscar/doc.php?id=BOE-A-1987-28404
87,X999,1988,Energía,23430545.00,https://www.boe.es/buscar/doc.php?id=BOE-A-1987-28404
88,X999,1988,Minería,36570500.00,https://www.boe.es/buscar/doc.php?id=BOE-A-1987-28404
89,X999,1988,Turismo,16932417.00,https://www.boe.es/buscar/doc.php?id=BOE-A-1987-28404
90,X999,1988,"Transferencias a Administraciones Públicas Territoriales",1463310806.00,https://www.boe.es/buscar/doc.php?id=BOE-A-1987-28404
91,X999,1988,"Relaciones financieras y transferencias a las Comunidades Europeas",262884800.00,https://www.boe.es/buscar/doc.php?id=BOE-A-1987-28404
92,27,1988,"Deuda Pública",1226643879.00,https://www.boe.es/buscar/doc.php?id=BOE-A-1987-28404
93,X999,1989,"Alta Dirección del Estado y del Gobierno",21284289.00,https://www.boe.es/buscar/doc.php?id=BOE-A-1988-29563
94,X999,1989,"Administración General",31891142.00,https://www.boe.es/buscar/doc.php?id=BOE-A-1988-29563
95,X999,1989,"Relaciones Exteriores",68801395.00,https://www.boe.es/buscar/doc.php?id=BOE-A-1988-29563
96,01,1989,Justicia,143878937.00,https://www.boe.es/buscar/doc.php?id=BOE-A-1988-29563
97,X999,1989,"Protección y Seguridad Nuclear",3833830.00,https://www.boe.es/buscar/doc.php?id=BOE-A-1988-29563
98,02,1989,Defensa,756036563.00,https://www.boe.es/buscar/doc.php?id=BOE-A-1988-29563
99,X999,1989,"Seguridad y Protección Civil",404653490.00,https://www.boe.es/buscar/doc.php?id=BOE-A-1988-29563
100,X999,1989,"Seguridad y Protección Social",5628146376.00,https://www.boe.es/buscar/doc.php?id=BOE-A-1988-29563
101,X999,1989,"Promoción Social",347315133.00,https://www.boe.es/buscar/doc.php?id=BOE-A-1988-29563
102,13,1989,Sanidad,1578751911.00,https://www.boe.es/buscar/doc.php?id=BOE-A-1988-29563
103,14,1989,Educación,716958633.00,https://www.boe.es/buscar/doc.php?id=BOE-A-1988-29563
104,X999,1989,"Vivienda y Urbanismo",76017945.00,https://www.boe.es/buscar/doc.php?id=BOE-A-1988-29563
105,X999,1989,"Bienestar Comunitario",20186284.00,https://www.boe.es/buscar/doc.php?id=BOE-A-1988-29563
106,15,1989,Cultura,79067352.00,https://www.boe.es/buscar/doc.php?id=BOE-A-1988-29563
107,X999,1989,"Otros Servicios Comunitarios y Sociales",29085583.00,https://www.boe.es/buscar/doc.php?id=BOE-A-1988-29563
108,X999,1989,"Infraestructuras Básicas y Transportes",901735917.00,https://www.boe.es/buscar/doc.php?id=BOE-A-1988-29563
109,X999,1989,Comunicaciones,134134131.00,https://www.boe.es/buscar/doc.php?id=BOE-A-1988-29563
110,X999,1989,"Infraestructuras Agrarias",41790200.00,https://www.boe.es/buscar/doc.php?id=BOE-A-1988-29563
111,X999,1989,"Investigación Científica, Técnica y Aplicada",183430879.00,https://www.boe.es/buscar/doc.php?id=BOE-A-1988-29563
112,X999,1989,"Información Básica y Estadística",22126563.00,https://www.boe.es/buscar/doc.php?id=BOE-A-1988-29563
113,X999,1989,"Regulación económica",517400233.00,https://www.boe.es/buscar/doc.php?id=BOE-A-1988-29563
114,X999,1989,"Regulación comercial",31404846.00,https://www.boe.es/buscar/doc.php?id=BOE-A-1988-29563
115,X999,1989,"Regulación financiera",232366352.00,https://www.boe.es/buscar/doc.php?id=BOE-A-1988-29563
116,X999,1989,"Agricultura, Ganadería y Pesca",352019184.00,https://www.boe.es/buscar/doc.php?id=BOE-A-1988-29563
117,X999,1989,Industria,127757532.00,https://www.boe.es/buscar/doc.php?id=BOE-A-1988-29563
118,X999,1989,Energía,13704324.00,https://www.boe.es/buscar/doc.php?id=BOE-A-1988-29563
119,X999,1989,Minería,52053367.00,https://www.boe.es/buscar/doc.php?id=BOE-A-1988-29563
120,X999,1989,Turismo,18908054.00,https://www.boe.es/buscar/doc.php?id=BOE-A-1988-29563
121,X999,1989,"Transferencias a Administraciones Públicas Territoriales",1771325331.00,https://www.boe.es/buscar/doc.php?id=BOE-A-1988-29563
122,X999,1989,"Relaciones financieras y transferencias a las Comunidades Europeas",323708000.00,https://www.boe.es/buscar/doc.php?id=BOE-A-1988-29563
123,X999,1989,"Gastos financieros de la Deuda Pública",1119710935.00,https://www.boe.es/buscar/doc.php?id=BOE-A-1988-29563
124,X999,1991,"Alta Dirección del Estado y del Gobierno",25199103.00,https://www.boe.es/buscar/doc.php?id=BOE-A-1990-15347
125,X999,1991,"Administración General",35556840.00,https://www.boe.es/buscar/doc.php?id=BOE-A-1990-15347
126,X999,1991,"Relaciones Exteriores",77682944.00,https://www.boe.es/buscar/doc.php?id=BOE-A-1990-15347
127,01,1991,Justicia,173019819.00,https://www.boe.es/buscar/doc.php?id=BOE-A-1990-15347
128,X999,1991,"Protección y Seguridad Nuclear",4509693.00,https://www.boe.es/buscar/doc.php?id=BOE-A-1990-15347
129,02,1991,Defensa,815251592.00,https://www.boe.es/buscar/doc.php?id=BOE-A-1990-15347
130,X999,1991,"Seguridad y Protección Civil",454084813.00,https://www.boe.es/buscar/doc.php?id=BOE-A-1990-15347
131,X999,1991,"Seguridad y Protección Social",6585276289.00,https://www.boe.es/buscar/doc.php?id=BOE-A-1990-15347
132,X999,1991,"Promoción Social",405087903.00,https://www.boe.es/buscar/doc.php?id=BOE-A-1990-15347
133,13,1991,Sanidad,1854816521.00,https://www.boe.es/buscar/doc.php?id=BOE-A-1990-15347
134,14,1991,Educación,824313421.00,https://www.boe.es/buscar/doc.php?id=BOE-A-1990-15347
135,X999,1991,"Vivienda y Urbanismo",91903195.00,https://www.boe.es/buscar/doc.php?id=BOE-A-1990-15347
136,X999,1991,"Bienestar Comunitario",19224768.00,https://www.boe.es/buscar/doc.php?id=BOE-A-1990-15347
137,15,1991,Cultura,86018902.00,https://www.boe.es/buscar/doc.php?id=BOE-A-1990-15347
138,X999,1991,"Otros Servicios Comunitarios y Sociales",27568769.00,https://www.boe.es/buscar/doc.php?id=BOE-A-1990-15347
139,X999,1991,"Infraestructuras Básicas y Transportes",1091686716.00,https://www.boe.es/buscar/doc.php?id=BOE-A-1990-15347
140,X999,1991,Comunicaciones,149506391.00,https://www.boe.es/buscar/doc.php?id=BOE-A-1990-15347
141,X999,1991,"Infraestructuras Agrarias",59018587.00,https://www.boe.es/buscar/doc.php?id=BOE-A-1990-15347
142,X999,1991,"Investigación Científica, Técnica y Aplicada",208252972.00,https://www.boe.es/buscar/doc.php?id=BOE-A-1990-15347
143,X999,1991,"Información Básica y Estadística",28267054.00,https://www.boe.es/buscar/doc.php?id=BOE-A-1990-15347
144,X999,1991,"Regulación económica",267661406.00,https://www.boe.es/buscar/doc.php?id=BOE-A-1990-15347
145,X999,1991,"Regulación comercial",35346608.00,https://www.boe.es/buscar/doc.php?id=BOE-A-1990-15347
146,X999,1991,"Regulación financiera",364427466.00,https://www.boe.es/buscar/doc.php?id=BOE-A-1990-15347
147,X999,1991,"Agricultura, Ganadería y Pesca",378113830.00,https://www.boe.es/buscar/doc.php?id=BOE-A-1990-15347
148,X999,1991,Industria,131375203.00,https://www.boe.es/buscar/doc.php?id=BOE-A-1990-15347
149,X999,1991,Energía,9550999.00,https://www.boe.es/buscar/doc.php?id=BOE-A-1990-15347
150,X999,1991,Minería,60796986.00,https://www.boe.es/buscar/doc.php?id=BOE-A-1990-15347
151,X999,1991,Turismo,21670127.00,https://www.boe.es/buscar/doc.php?id=BOE-A-1990-15347
152,X999,1991,"Transferencias a Administraciones Públicas Territoriales",2008312107.00,https://www.boe.es/buscar/doc.php?id=BOE-A-1990-15347
153,X999,1991,"Relaciones financieras y transferencias a la CEE",383653000.00,https://www.boe.es/buscar/doc.php?id=BOE-A-1990-15347
154,X999,1991,"Gastos financieros de la Deuda Pública",1454751452.00,https://www.boe.es/buscar/doc.php?id=BOE-A-1990-15347
155,X999,1992,"Alta Dirección del Estado y del Gobierno",34027926.00,https://www.boe.es/buscar/act.php?id=BOE-A-1991-30903
156,X999,1992,"Administración General",40361249.00,https://www.boe.es/buscar/act.php?id=BOE-A-1991-30903
157,X999,1992,"Relaciones Exteriores",80241965.00,https://www.boe.es/buscar/act.php?id=BOE-A-1991-30903
158,01,1992,Justicia,214743814.00,https://www.boe.es/buscar/act.php?id=BOE-A-1991-30903
159,X999,1992,"Protección y Seguridad Nuclear",4798612.00,https://www.boe.es/buscar/act.php?id=BOE-A-1991-30903
160,02,1992,Defensa,722503055.00,https://www.boe.es/buscar/act.php?id=BOE-A-1991-30903
161,X999,1992,"Seguridad y Protección Civil",519840094.00,https://www.boe.es/buscar/act.php?id=BOE-A-1991-30903
162,X999,1992,"Seguridad y Protección Social",8495811405.00,https://www.boe.es/buscar/act.php?id=BOE-A-1991-30903
163,X999,1992,"Promoción Social",399964908.00,https://www.boe.es/buscar/act.php?id=BOE-A-1991-30903
164,13,1992,Sanidad,2373175371.00,https://www.boe.es/buscar/act.php?id=BOE-A-1991-30903
165,14,1992,Educación,1009002235.00,https://www.boe.es/buscar/act.php?id=BOE-A-1991-30903
166,X999,1992,"Vivienda y Urbanismo",98954737.00,https://www.boe.es/buscar/act.php?id=BOE-A-1991-30903
167,X999,1992,"Bienestar Comunitario",18282331.00,https://www.boe.es/buscar/act.php?id=BOE-A-1991-30903
168,15,1992,Cultura,84315355.00,https://www.boe.es/buscar/act.php?id=BOE-A-1991-30903
169,X999,1992,"Otros Servicios Comunitarios y Sociales",12831132.00,https://www.boe.es/buscar/act.php?id=BOE-A-1991-30903
170,X999,1992,"Infraestructuras Básicas y Transportes",1047956053.00,https://www.boe.es/buscar/act.php?id=BOE-A-1991-30903
171,X999,1992,Comunicaciones,165453947.00,https://www.boe.es/buscar/act.php?id=BOE-A-1991-30903
172,X999,1992,"Infraestructuras Agrarias",44538396.00,https://www.boe.es/buscar/act.php?id=BOE-A-1991-30903
173,X999,1992,"Investigación Científica, Técnica y Aplicada",201229247.00,https://www.boe.es/buscar/act.php?id=BOE-A-1991-30903
174,X999,1992,"Información Básica y Estadística",32279736.00,https://www.boe.es/buscar/act.php?id=BOE-A-1991-30903
175,X999,1992,"Regulación económica",270209626.00,https://www.boe.es/buscar/act.php?id=BOE-A-1991-30903
176,X999,1992,"Regulación comercial",88341087.00,https://www.boe.es/buscar/act.php?id=BOE-A-1991-30903
177,X999,1992,"Regulación financiera",257618830.00,https://www.boe.es/buscar/act.php?id=BOE-A-1991-30903
178,X999,1992,"Agricultura, Ganadería y Pesca",494525645.00,https://www.boe.es/buscar/act.php?id=BOE-A-1991-30903
179,X999,1992,Industria,151066731.00,https://www.boe.es/buscar/act.php?id=BOE-A-1991-30903
180,X999,1992,Energía,9593195.00,https://www.boe.es/buscar/act.php?id=BOE-A-1991-30903
181,X999,1992,Minería,57094403.00,https://www.boe.es/buscar/act.php?id=BOE-A-1991-30903
182,X999,1992,Turismo,15826000.00,https://www.boe.es/buscar/act.php?id=BOE-A-1991-30903
183,X999,1992,"Transferencias a Administraciones Públicas Territoriales",2523440253.00,https://www.boe.es/buscar/act.php?id=BOE-A-1991-30903
184,X999,1992,"Relaciones financieras y transferencias a las Comunidades Europeas",686223000.00,https://www.boe.es/buscar/act.php?id=BOE-A-1991-30903
185,X999,1992,"Gastos financieros de la Deuda Pública",1940999793.00,https://www.boe.es/buscar/act.php?id=BOE-A-1991-30903
186,X999,1993,"Alta Dirección del Estado y del Gobierno",32767961.00,https://www.boe.es/buscar/doc.php?id=BOE-A-1992-28826
187,X999,1993,"Administración General",40011267.00,https://www.boe.es/buscar/doc.php?id=BOE-A-1992-28826
188,X999,1993,"Relaciones Exteriores",79168097.00,https://www.boe.es/buscar/doc.php?id=BOE-A-1992-28826
189,01,1993,Justicia,222110959.00,https://www.boe.es/buscar/doc.php?id=BOE-A-1992-28826
190,X999,1993,"Protección y Seguridad Nuclear",4558866.00,https://www.boe.es/buscar/doc.php?id=BOE-A-1992-28826
191,02,1993,Defensa,716968290.00,https://www.boe.es/buscar/doc.php?id=BOE-A-1992-28826
192,X999,1993,"Seguridad y Protección Civil",518828033.00,https://www.boe.es/buscar/doc.php?id=BOE-A-1992-28826
193,X999,1993,"Seguridad y Protección Social",9169874665.00,https://www.boe.es/buscar/doc.php?id=BOE-A-1992-28826
194,X999,1993,"Promoción Social",335141605.00,https://www.boe.es/buscar/doc.php?id=BOE-A-1992-28826
195,13,1993,Sanidad,2939902996.00,https://www.boe.es/buscar/doc.php?id=BOE-A-1992-28826
196,14,1993,Educación,1005807681.00,https://www.boe.es/buscar/doc.php?id=BOE-A-1992-28826
197,X999,1993,"Vivienda y Urbanismo",99258289.00,https://www.boe.es/buscar/doc.php?id=BOE-A-1992-28826
198,X999,1993,"Bienestar Comunitario",26581535.00,https://www.boe.es/buscar/doc.php?id=BOE-A-1992-28826
199,15,1993,Cultura,83834385.00,https://www.boe.es/buscar/doc.php?id=BOE-A-1992-28826
200,X999,1993,"Otros Servicios Comunitarios y Sociales",22219544.00,https://www.boe.es/buscar/doc.php?id=BOE-A-1992-28826
201,X999,1993,"Infraestructuras Básicas y Transportes",1013700489.00,https://www.boe.es/buscar/doc.php?id=BOE-A-1992-28826
202,X999,1993,Comunicaciones,167201149.00,https://www.boe.es/buscar/doc.php?id=BOE-A-1992-28826
203,X999,1993,"Infraestructuras Agrarias",46467831.00,https://www.boe.es/buscar/doc.php?id=BOE-A-1992-28826
204,X999,1993,"Investigación Científica, Técnica y Aplicada",183738334.00,https://www.boe.es/buscar/doc.php?id=BOE-A-1992-28826
205,X999,1993,"Información Básica y Estadística",32661104.00,https://www.boe.es/buscar/doc.php?id=BOE-A-1992-28826
206,X999,1993,"Regulación económica",287074540.00,https://www.boe.es/buscar/doc.php?id=BOE-A-1992-28826
207,X999,1993,"Regulación comercial",123997434.00,https://www.boe.es/buscar/doc.php?id=BOE-A-1992-28826
208,X999,1993,"Regulación financiera",122407473.00,https://www.boe.es/buscar/doc.php?id=BOE-A-1992-28826
209,X999,1993,"Agricultura, Ganadería y Pesca",681893319.00,https://www.boe.es/buscar/doc.php?id=BOE-A-1992-28826
210,X999,1993,Industria,137311540.00,https://www.boe.es/buscar/doc.php?id=BOE-A-1992-28826
211,X999,1993,Energía,8701455.00,https://www.boe.es/buscar/doc.php?id=BOE-A-1992-28826
212,X999,1993,Minería,60505708.00,https://www.boe.es/buscar/doc.php?id=BOE-A-1992-28826
213,X999,1993,Turismo,16364945.00,https://www.boe.es/buscar/doc.php?id=BOE-A-1992-28826
214,X999,1993,"Transferencias a Administraciones Públicas Territoriales",2927214299.00,https://www.boe.es/buscar/doc.php?id=BOE-A-1992-28826
215,X999,1993,"Relaciones financieras y transferencias a las Comunidades Europeas",798480000.00,https://www.boe.es/buscar/doc.php?id=BOE-A-1992-28826
216,27,1993,"Deuda Pública",2341199330.00,https://www.boe.es/buscar/doc.php?id=BOE-A-1992-28826
217,X999,1994,"Alta Dirección del Estado y del Gobierno",38409418.00,https://www.boe.es/buscar/doc.php?id=BOE-A-1993-31087
218,X999,1994,"Administración General",35909487.00,https://www.boe.es/buscar/doc.php?id=BOE-A-1993-31087
219,X999,1994,"Relaciones Exteriores",100816553.00,https://www.boe.es/buscar/doc.php?id=BOE-A-1993-31087
220,01,1994,Justicia,234844780.00,https://www.boe.es/buscar/doc.php?id=BOE-A-1993-31087
221,X999,1994,"Protección y Seguridad Nuclear",4423386.00,https://www.boe.es/buscar/doc.php?id=BOE-A-1993-31087
222,02,1994,Defensa,755774020.00,https://www.boe.es/buscar/doc.php?id=BOE-A-1993-31087
223,X999,1994,"Seguridad y Protección Civil",530138888.00,https://www.boe.es/buscar/doc.php?id=BOE-A-1993-31087
224,X999,1994,"Seguridad y Protección Social",10482401454.00,https://www.boe.es/buscar/doc.php?id=BOE-A-1993-31087
225,X999,1994,"Promoción Social",334458918.00,https://www.boe.es/buscar/doc.php?id=BOE-A-1993-31087
226,13,1994,Sanidad,3103197948.00,https://www.boe.es/buscar/doc.php?id=BOE-A-1993-31087
227,14,1994,Educación,1021856705.00,https://www.boe.es/buscar/doc.php?id=BOE-A-1993-31087
228,X999,1994,"Vivienda y Urbanismo",106693766.00,https://www.boe.es/buscar/doc.php?id=BOE-A-1993-31087
229,X999,1994,"Bienestar Comunitario",34701207.00,https://www.boe.es/buscar/doc.php?id=BOE-A-1993-31087
230,15,1994,Cultura,119401959.00,https://www.boe.es/buscar/doc.php?id=BOE-A-1993-31087
231,X999,1994,"Otros Servicios Comunitarios y Sociales",21999931.00,https://www.boe.es/buscar/doc.php?id=BOE-A-1993-31087
232,X999,1994,"Infraestructuras Básicas y Transportes",1132122688.00,https://www.boe.es/buscar/doc.php?id=BOE-A-1993-31087
233,X999,1994,Comunicaciones,189404882.00,https://www.boe.es/buscar/doc.php?id=BOE-A-1993-31087
234,X999,1994,"Infraestructuras Agrarias",41629968.00,https://www.boe.es/buscar/doc.php?id=BOE-A-1993-31087
235,X999,1994,"Investigación Científica, Técnica y Aplicada",186043012.00,https://www.boe.es/buscar/doc.php?id=BOE-A-1993-31087
236,X999,1994,"Información Básica y Estadística",33019149.00,https://www.boe.es/buscar/doc.php?id=BOE-A-1993-31087
237,X999,1994,"Regulación económica",323171125.00,https://www.boe.es/buscar/doc.php?id=BOE-A-1993-31087
238,X999,1994,"Regulación comercial",129962265.00,https://www.boe.es/buscar/doc.php?id=BOE-A-1993-31087
239,X999,1994,"Regulación financiera",226523816.00,https://www.boe.es/buscar/doc.php?id=BOE-A-1993-31087
240,X999,1994,"Agricultura, Ganadería y Pesca",847202245.00,https://www.boe.es/buscar/doc.php?id=BOE-A-1993-31087
241,X999,1994,Industria,134183158.00,https://www.boe.es/buscar/doc.php?id=BOE-A-1993-31087
242,X999,1994,Energía,8183152.00,https://www.boe.es/buscar/doc.php?id=BOE-A-1993-31087
243,X999,1994,Minería,63427508.00,https://www.boe.es/buscar/doc.php?id=BOE-A-1993-31087
244,X999,1994,Turismo,16308412.00,https://www.boe.es/buscar/doc.php?id=BOE-A-1993-31087
245,X999,1994,"Transferencias a Administraciones Públicas Territoriales",3170320754.00,https://www.boe.es/buscar/doc.php?id=BOE-A-1993-31087
246,X999,1994,"Relaciones financieras con Comunidades Europeas",937934000.00,https://www.boe.es/buscar/doc.php?id=BOE-A-1993-31087
247,27,1994,"Deuda Pública",2860972000.00,https://www.boe.es/buscar/doc.php?id=BOE-A-1993-31087
248,X999,1995,"Alta Dirección del Estado y del Gobierno",42685737.00,https://www.boe.es/buscar/doc.php?id=BOE-A-1994-28967
249,X999,1995,"Administración General",46256726.00,https://www.boe.es/buscar/doc.php?id=BOE-A-1994-28967
250,X999,1995,"Relaciones Exteriores",114347074.00,https://www.boe.es/buscar/doc.php?id=BOE-A-1994-28967
251,01,1995,Justicia,245890719.00,https://www.boe.es/buscar/doc.php?id=BOE-A-1994-28967
252,X999,1995,"Protección y Seguridad Nuclear",4481692.00,https://www.boe.es/buscar/doc.php?id=BOE-A-1994-28967
253,02,1995,Defensa,808174424.00,https://www.boe.es/buscar/doc.php?id=BOE-A-1994-28967
254,X999,1995,"Seguridad y Protección Civil",552620995.00,https://www.boe.es/buscar/doc.php?id=BOE-A-1994-28967
255,X999,1995,"Seguridad y Protección Social",11167265782.00,https://www.boe.es/buscar/doc.php?id=BOE-A-1994-28967
256,X999,1995,"Promoción Social",361720668.00,https://www.boe.es/buscar/doc.php?id=BOE-A-1994-28967
257,13,1995,Sanidad,3331469795.00,https://www.boe.es/buscar/doc.php?id=BOE-A-1994-28967
258,14,1995,Educación,1089195927.00,https://www.boe.es/buscar/doc.php?id=BOE-A-1994-28967
259,X999,1995,"Vivienda y Urbanismo",113603304.00,https://www.boe.es/buscar/doc.php?id=BOE-A-1994-28967
260,X999,1995,"Bienestar Comunitario",34689302.00,https://www.boe.es/buscar/doc.php?id=BOE-A-1994-28967
261,15,1995,Cultura,127792780.00,https://www.boe.es/buscar/doc.php?id=BOE-A-1994-28967
262,X999,1995,"Otros Servicios Comunitarios y Sociales",22289518.00,https://www.boe.es/buscar/doc.php?id=BOE-A-1994-28967
263,X999,1995,"Infraestructuras Básicas y Transportes",1176369920.00,https://www.boe.es/buscar/doc.php?id=BOE-A-1994-28967
264,X999,1995,Comunicaciones,185636646.00,https://www.boe.es/buscar/doc.php?id=BOE-A-1994-28967
265,X999,1995,"Infraestructuras Agrarias",45937807.00,https://www.boe.es/buscar/doc.php?id=BOE-A-1994-28967
266,X999,1995,"Investigación Científica, Técnica y Aplicada",207031559.00,https://www.boe.es/buscar/doc.php?id=BOE-A-1994-28967
267,X999,1995,"Información Básica y Estadística",33285093.00,https://www.boe.es/buscar/doc.php?id=BOE-A-1994-28967
268,X999,1995,"Regulación económica",330705270.00,https://www.boe.es/buscar/doc.php?id=BOE-A-1994-28967
269,X999,1995,"Regulación financiera",308882522.00,https://www.boe.es/buscar/doc.php?id=BOE-A-1994-28967
270,X999,1995,"Agricultura, Ganadería y Pesca",1022439390.00,https://www.boe.es/buscar/doc.php?id=BOE-A-1994-28967
271,X999,1995,Industria,125151491.00,https://www.boe.es/buscar/doc.php?id=BOE-A-1994-28967
272,X999,1995,Energía,8123248.00,https://www.boe.es/buscar/doc.php?id=BOE-A-1994-28967
273,X999,1995,Minería,62548104.00,https://www.boe.es/buscar/doc.php?id=BOE-A-1994-28967
274,X999,1995,Turismo,16621225.00,https://www.boe.es/buscar/doc.php?id=BOE-A-1994-28967
275,X999,1995,Comercio,133900237.00,https://www.boe.es/buscar/doc.php?id=BOE-A-1994-28967
276,X999,1995,"Transferencias a Administraciones Públicas Territoriales",3273534579.00,https://www.boe.es/buscar/doc.php?id=BOE-A-1994-28967
277,X999,1995,"Relaciones financieras con las Comunidades Europeas",856997000.00,https://www.boe.es/buscar/doc.php?id=BOE-A-1994-28967
278,27,1995,"Deuda Pública",2921044000.00,https://www.boe.es/buscar/doc.php?id=BOE-A-1994-28967
279,X999,1997,"Alta Dirección del Estado y del Gobierno",41608841.00,https://www.boe.es/buscar/act.php?id=BOE-A-1996-29116
280,X999,1997,"Administración General",32519250.00,https://www.boe.es/buscar/act.php?id=BOE-A-1996-29116
281,X999,1997,"Relaciones Exteriores",124343293.00,https://www.boe.es/buscar/act.php?id=BOE-A-1996-29116
282,01,1997,Justicia,228516517.00,https://www.boe.es/buscar/act.php?id=BOE-A-1996-29116
283,X999,1997,"Protección y Seguridad Nuclear",4642730.00,https://www.boe.es/buscar/act.php?id=BOE-A-1996-29116
284,02,1997,Defensa,817085315.00,https://www.boe.es/buscar/act.php?id=BOE-A-1996-29116
285,X999,1997,"Seguridad y Protección Civil",575741536.00,https://www.boe.es/buscar/act.php?id=BOE-A-1996-29116
286,X999,1997,"Seguridad y Protección Social",11677696298.00,https://www.boe.es/buscar/act.php?id=BOE-A-1996-29116
287,X999,1997,"Promoción Social",374791486.00,https://www.boe.es/buscar/act.php?id=BOE-A-1996-29116
288,13,1997,Sanidad,3656842863.00,https://www.boe.es/buscar/act.php?id=BOE-A-1996-29116
289,14,1997,Educación,971625614.00,https://www.boe.es/buscar/act.php?id=BOE-A-1996-29116
290,X999,1997,"Vivienda y Urbanismo",112946962.00,https://www.boe.es/buscar/act.php?id=BOE-A-1996-29116
291,X999,1997,"Bienestar Comunitario",35664928.00,https://www.boe.es/buscar/act.php?id=BOE-A-1996-29116
292,15,1997,Cultura,99479170.00,https://www.boe.es/buscar/act.php?id=BOE-A-1996-29116
293,X999,1997,"Otros Servicios Comunitarios y Sociales",10881528.00,https://www.boe.es/buscar/act.php?id=BOE-A-1996-29116
294,X999,1997,"Infraestructuras Básicas y Transportes",1079406451.00,https://www.boe.es/buscar/act.php?id=BOE-A-1996-29116
295,X999,1997,Comunicaciones,170995991.00,https://www.boe.es/buscar/act.php?id=BOE-A-1996-29116
296,X999,1997,"Infraestructuras Agrarias",36097394.00,https://www.boe.es/buscar/act.php?id=BOE-A-1996-29116
297,X999,1997,"Investigación Científica, Técnica y Aplicada",235487666.00,https://www.boe.es/buscar/act.php?id=BOE-A-1996-29116
298,X999,1997,"Información Básica y Estadística",31162708.00,https://www.boe.es/buscar/act.php?id=BOE-A-1996-29116
299,X999,1997,"Regulación económica",275682897.00,https://www.boe.es/buscar/act.php?id=BOE-A-1996-29116
300,X999,1997,"Regulación financiera",249353792.00,https://www.boe.es/buscar/act.php?id=BOE-A-1996-29116
301,X999,1997,"Agricultura, Ganadería y Pesca",1055224179.00,https://www.boe.es/buscar/act.php?id=BOE-A-1996-29116
302,X999,1997,Industria,119111803.00,https://www.boe.es/buscar/act.php?id=BOE-A-1996-29116
303,X999,1997,Energía,6285861.00,https://www.boe.es/buscar/act.php?id=BOE-A-1996-29116
304,X999,1997,Minería,6949803.00,https://www.boe.es/buscar/act.php?id=BOE-A-1996-29116
305,X999,1997,Turismo,15120048.00,https://www.boe.es/buscar/act.php?id=BOE-A-1996-29116
306,X999,1997,Comercio,123907792.00,https://www.boe.es/buscar/act.php?id=BOE-A-1996-29116
307,X999,1997,"Transferencias a Administraciones Públicas Territoriales",3898331091.00,https://www.boe.es/buscar/act.php?id=BOE-A-1996-29116
308,X999,1997,"Relaciones financieras con la Unión Europea",937478700.00,https://www.boe.es/buscar/act.php?id=BOE-A-1996-29116
309,27,1997,"Deuda Pública",3459320962.00,https://www.boe.es/buscar/act.php?id=BOE-A-1996-29116
310,X999,1998,"Alta Dirección del Estado y del Gobierno",43613619.00,https://www.boe.es/buscar/doc.php?id=BOE-A-1997-28052
311,X999,1998,"Administración General",56762223.00,https://www.boe.es/buscar/doc.php?id=BOE-A-1997-28052
312,X999,1998,"Relaciones Exteriores",137383709.00,https://www.boe.es/buscar/doc.php?id=BOE-A-1997-28052
313,01,1998,Justicia,211801630.00,https://www.boe.es/buscar/doc.php?id=BOE-A-1997-28052
314,X999,1998,"Protección y Seguridad Nuclear",5145966.00,https://www.boe.es/buscar/doc.php?id=BOE-A-1997-28052
315,02,1998,Defensa,840623915.00,https://www.boe.es/buscar/doc.php?id=BOE-A-1997-28052
316,X999,1998,"Seguridad y Protección Civil",591454981.00,https://www.boe.es/buscar/doc.php?id=BOE-A-1997-28052
317,X999,1998,"Seguridad y Protección Social",12128523710.00,https://www.boe.es/buscar/doc.php?id=BOE-A-1997-28052
318,X999,1998,"Promoción Social",477447052.00,https://www.boe.es/buscar/doc.php?id=BOE-A-1997-28052
319,13,1998,Sanidad,3905326888.00,https://www.boe.es/buscar/doc.php?id=BOE-A-1997-28052
320,14,1998,Educación,1027763786.00,https://www.boe.es/buscar/doc.php?id=BOE-A-1997-28052
321,X999,1998,"Vivienda y Urbanismo",113740422.00,https://www.boe.es/buscar/doc.php?id=BOE-A-1997-28052
322,X999,1998,"Bienestar Comunitario",52230260.00,https://www.boe.es/buscar/doc.php?id=BOE-A-1997-28052
323,15,1998,Cultura,102164749.00,https://www.boe.es/buscar/doc.php?id=BOE-A-1997-28052
324,X999,1998,"Otros Servicios Comunitarios y Sociales",10139879.00,https://www.boe.es/buscar/doc.php?id=BOE-A-1997-28052
325,X999,1998,"Infraestructuras Básicas y Transportes",1140897001.00,https://www.boe.es/buscar/doc.php?id=BOE-A-1997-28052
326,X999,1998,Comunicaciones,43930205.00,https://www.boe.es/buscar/doc.php?id=BOE-A-1997-28052
327,X999,1998,"Infraestructuras Agrarias",37978663.00,https://www.boe.es/buscar/doc.php?id=BOE-A-1997-28052
328,X999,1998,"Investigación Científica, Técnica y Aplicada",313687025.00,https://www.boe.es/buscar/doc.php?id=BOE-A-1997-28052
329,X999,1998,"Información Básica y Estadística",33847753.00,https://www.boe.es/buscar/doc.php?id=BOE-A-1997-28052
330,X999,1998,"Regulación Económica",290364357.00,https://www.boe.es/buscar/doc.php?id=BOE-A-1997-28052
331,X999,1998,"Regulación Financiera",266377727.00,https://www.boe.es/buscar/doc.php?id=BOE-A-1997-28052
332,X999,1998,"Agricultura, Ganadería y Pesca",1072108413.00,https://www.boe.es/buscar/doc.php?id=BOE-A-1997-28052
333,X999,1998,Industria,106340533.00,https://www.boe.es/buscar/doc.php?id=BOE-A-1997-28052
334,X999,1998,Energía,6320110.00,https://www.boe.es/buscar/doc.php?id=BOE-A-1997-28052
335,X999,1998,Minería,151735056.00,https://www.boe.es/buscar/doc.php?id=BOE-A-1997-28052
336,X999,1998,Turismo,15223762.00,https://www.boe.es/buscar/doc.php?id=BOE-A-1997-28052
337,X999,1998,Comercio,147343973.00,https://www.boe.es/buscar/doc.php?id=BOE-A-1997-28052
338,X999,1998,"Transferencias a Administraciones Públicas Territoriales",3508266687.00,https://www.boe.es/buscar/doc.php?id=BOE-A-1997-28052
339,X999,1998,"Relaciones Financieras con la Unión Europea",952215000.00,https://www.boe.es/buscar/doc.php?id=BOE-A-1997-28052
340,27,1998,"Deuda Pública",3189757283.00,https://www.boe.es/buscar/doc.php?id=BOE-A-1997-28052
341,X999,1999,"Alta Dirección del Estado y del Gobierno",46402471.00,https://www.boe.es/buscar/doc.php?id=BOE-A-1998-30154
342,X999,1999,"Administración General",69363625.00,https://www.boe.es/buscar/doc.php?id=BOE-A-1998-30154
343,X999,1999,"Relaciones Exteriores",146306781.00,https://www.boe.es/buscar/doc.php?id=BOE-A-1998-30154
344,01,1999,Justicia,231115561.00,https://www.boe.es/buscar/doc.php?id=BOE-A-1998-30154
345,X999,1999,"Protección y Seguridad Nuclear",5207857.00,https://www.boe.es/buscar/doc.php?id=BOE-A-1998-30154
346,02,1999,Defensa,873434376.00,https://www.boe.es/buscar/doc.php?id=BOE-A-1998-30154
347,X999,1999,"Seguridad y Protección Civil",618079093.00,https://www.boe.es/buscar/doc.php?id=BOE-A-1998-30154
348,X999,1999,"Seguridad y Protección Social",12333678177.00,https://www.boe.es/buscar/doc.php?id=BOE-A-1998-30154
349,X999,1999,"Promoción Social",745240918.00,https://www.boe.es/buscar/doc.php?id=BOE-A-1998-30154
350,13,1999,Sanidad,4122824600.00,https://www.boe.es/buscar/doc.php?id=BOE-A-1998-30154
351,14,1999,Educación,998483796.00,https://www.boe.es/buscar/doc.php?id=BOE-A-1998-30154
352,X999,1999,"Vivienda y Urbanismo",112655720.00,https://www.boe.es/buscar/doc.php?id=BOE-A-1998-30154
353,X999,1999,"Bienestar Comunitario",58858044.00,https://www.boe.es/buscar/doc.php?id=BOE-A-1998-30154
354,15,1999,Cultura,104973950.00,https://www.boe.es/buscar/doc.php?id=BOE-A-1998-30154
355,X999,1999,"Otros Servicios Comunitarios y Sociales",30621409.00,https://www.boe.es/buscar/doc.php?id=BOE-A-1998-30154
356,X999,1999,"Infraestructuras Básicas y Transportes",1234894669.00,https://www.boe.es/buscar/doc.php?id=BOE-A-1998-30154
357,X999,1999,Comunicaciones,33742067.00,https://www.boe.es/buscar/doc.php?id=BOE-A-1998-30154
358,X999,1999,"Infraestructuras Agrarias",68731731.00,https://www.boe.es/buscar/doc.php?id=BOE-A-1998-30154
359,X999,1999,"Investigación Científica, Técnica y Aplicada",460002572.00,https://www.boe.es/buscar/doc.php?id=BOE-A-1998-30154
360,X999,1999,"Información Básica y Estadística",41260144.00,https://www.boe.es/buscar/doc.php?id=BOE-A-1998-30154
361,X999,1999,"Regulación económica",299386798.00,https://www.boe.es/buscar/doc.php?id=BOE-A-1998-30154
362,X999,1999,"Regulación financiera",270579743.00,https://www.boe.es/buscar/doc.php?id=BOE-A-1998-30154
363,X999,1999,"Agricultura, Ganadería y Pesca",1086434186.00,https://www.boe.es/buscar/doc.php?id=BOE-A-1998-30154
364,X999,1999,Industria,132901475.00,https://www.boe.es/buscar/doc.php?id=BOE-A-1998-30154
365,X999,1999,Energía,6209356.00,https://www.boe.es/buscar/doc.php?id=BOE-A-1998-30154
366,X999,1999,Minería,151770175.00,https://www.boe.es/buscar/doc.php?id=BOE-A-1998-30154
367,X999,1999,Turismo,16602633.00,https://www.boe.es/buscar/doc.php?id=BOE-A-1998-30154
368,X999,1999,Comercio,138938007.00,https://www.boe.es/buscar/doc.php?id=BOE-A-1998-30154
369,X999,1999,"Transferencias a Administraciones Públicas Territoriales",3787237175.00,https://www.boe.es/buscar/doc.php?id=BOE-A-1998-30154
370,X999,1999,"Relaciones financieras con la Unión Europea",1029587900.00,https://www.boe.es/buscar/doc.php?id=BOE-A-1998-30154
371,27,1999,"Deuda Pública",3041000000.00,https://www.boe.es/buscar/doc.php?id=BOE-A-1998-30154
372,X999,2000,"Alta Dirección del Estado y del Gobierno",48779819.00,https://www.boe.es/buscar/doc.php?id=BOE-A-1999-24785
373,X999,2000,"Administración General",72511891.00,https://www.boe.es/buscar/doc.php?id=BOE-A-1999-24785
374,X999,2000,"Relaciones Exteriores",146999043.00,https://www.boe.es/buscar/doc.php?id=BOE-A-1999-24785
375,01,2000,Justicia,250005065.00,https://www.boe.es/buscar/doc.php?id=BOE-A-1999-24785
376,X999,2000,"Protección y Seguridad Nuclear",5472782.00,https://www.boe.es/buscar/doc.php?id=BOE-A-1999-24785
377,02,2000,Defensa,929805691.00,https://www.boe.es/buscar/doc.php?id=BOE-A-1999-24785
378,X999,2000,"Seguridad y Protección Civil",647905141.00,https://www.boe.es/buscar/doc.php?id=BOE-A-1999-24785
379,X999,2000,"Seguridad y Protección Social",12675940686.00,https://www.boe.es/buscar/doc.php?id=BOE-A-1999-24785
380,X999,2000,"Promoción Social",813102199.00,https://www.boe.es/buscar/doc.php?id=BOE-A-1999-24785
381,13,2000,Sanidad,4454317151.00,https://www.boe.es/buscar/doc.php?id=BOE-A-1999-24785
382,14,2000,Educación,507363578.00,https://www.boe.es/buscar/doc.php?id=BOE-A-1999-24785
383,X999,2000,"Vivienda y Urbanismo",109540426.00,https://www.boe.es/buscar/doc.php?id=BOE-A-1999-24785
384,X999,2000,"Bienestar Comunitario",66309572.00,https://www.boe.es/buscar/doc.php?id=BOE-A-1999-24785
385,15,2000,Cultura,127022264.00,https://www.boe.es/buscar/doc.php?id=BOE-A-1999-24785
386,X999,2000,"Otros Servicios Comunitarios y Sociales",30295637.00,https://www.boe.es/buscar/doc.php?id=BOE-A-1999-24785
387,X999,2000,"Infraestructuras Básicas y Transportes",1298069461.00,https://www.boe.es/buscar/doc.php?id=BOE-A-1999-24785
388,X999,2000,Comunicaciones,29559253.00,https://www.boe.es/buscar/doc.php?id=BOE-A-1999-24785
389,X999,2000,"Infraestructuras Agrarias",71205007.00,https://www.boe.es/buscar/doc.php?id=BOE-A-1999-24785
390,X999,2000,"Investigación Científica, Técnica y Aplicada",507180588.00,https://www.boe.es/buscar/doc.php?id=BOE-A-1999-24785
391,X999,2000,"Información Básica y Estadística",45153140.00,https://www.boe.es/buscar/doc.php?id=BOE-A-1999-24785
392,X999,2000,"Regulación Económica",303266795.00,https://www.boe.es/buscar/doc.php?id=BOE-A-1999-24785
393,X999,2000,"Regulación Financiera",311095156.00,https://www.boe.es/buscar/doc.php?id=BOE-A-1999-24785
394,X999,2000,"Agricultura, Ganadería y Pesca",1149173483.00,https://www.boe.es/buscar/doc.php?id=BOE-A-1999-24785
395,X999,2000,Industria,152677713.00,https://www.boe.es/buscar/doc.php?id=BOE-A-1999-24785
396,X999,2000,Energía,6995999.00,https://www.boe.es/buscar/doc.php?id=BOE-A-1999-24785
397,X999,2000,Minería,165739016.00,https://www.boe.es/buscar/doc.php?id=BOE-A-1999-24785
398,X999,2000,Turismo,17192947.00,https://www.boe.es/buscar/doc.php?id=BOE-A-1999-24785
399,X999,2000,Comercio,149143978.00,https://www.boe.es/buscar/doc.php?id=BOE-A-1999-24785
400,X999,2000,"Transferencias a Administraciones Públicas Territoriales",4630943394.00,https://www.boe.es/buscar/doc.php?id=BOE-A-1999-24785
401,X999,2000,"Relaciones financieras con la Unión Europea",1133214200.00,https://www.boe.es/buscar/doc.php?id=BOE-A-1999-24785
402,27,2000,"Deuda Pública",2805000000.00,https://www.boe.es/buscar/doc.php?id=BOE-A-1999-24785
403,X999,2002,"Alta Dirección del Estado y del Gobierno",361209.24,https://www.boe.es/buscar/doc.php?id=BOE-A-2001-24964
404,X999,2002,"Administración General",478258.46,https://www.boe.es/buscar/doc.php?id=BOE-A-2001-24964
405,X999,2002,"Relaciones Exteriores",946086.05,https://www.boe.es/buscar/doc.php?id=BOE-A-2001-24964
406,01,2002,Justicia,1110662.58,https://www.boe.es/buscar/doc.php?id=BOE-A-2001-24964
407,X999,2002,"Protección y Seguridad Nuclear",36049.83,https://www.boe.es/buscar/doc.php?id=BOE-A-2001-24964
408,02,2002,Defensa,6158460.48,https://www.boe.es/buscar/doc.php?id=BOE-A-2001-24964
409,X999,2002,"Seguridad y Protección Civil",5045230.33,https://www.boe.es/buscar/doc.php?id=BOE-A-2001-24964
410,X999,2002,"Seguridad y Protección Social",88949259.86,https://www.boe.es/buscar/doc.php?id=BOE-A-2001-24964
411,X999,2002,"Promoción Social",5235419.41,https://www.boe.es/buscar/doc.php?id=BOE-A-2001-24964
412,13,2002,Sanidad,13870669.48,https://www.boe.es/buscar/doc.php?id=BOE-A-2001-24964
413,14,2002,Educación,1670423.60,https://www.boe.es/buscar/doc.php?id=BOE-A-2001-24964
414,X999,2002,"Vivienda y Urbanismo",657350.47,https://www.boe.es/buscar/doc.php?id=BOE-A-2001-24964
415,X999,2002,"Bienestar Comunitario",437382.28,https://www.boe.es/buscar/doc.php?id=BOE-A-2001-24964
416,15,2002,Cultura,769809.55,https://www.boe.es/buscar/doc.php?id=BOE-A-2001-24964
417,X999,2002,"Otros Servicios Comunitarios y Sociales",58411.08,https://www.boe.es/buscar/doc.php?id=BOE-A-2001-24964
418,X999,2002,"Infraestructuras Básicas y Transportes",8924906.52,https://www.boe.es/buscar/doc.php?id=BOE-A-2001-24964
419,X999,2002,Comunicaciones,226310.68,https://www.boe.es/buscar/doc.php?id=BOE-A-2001-24964
420,X999,2002,"Infraestructuras Agrarias",424527.20,https://www.boe.es/buscar/doc.php?id=BOE-A-2001-24964
421,X999,2002,"Investigación Científica, Técnica y Aplicada",3791953.89,https://www.boe.es/buscar/doc.php?id=BOE-A-2001-24964
422,X999,2002,"Información Básica y Estadística",322260.63,https://www.boe.es/buscar/doc.php?id=BOE-A-2001-24964
423,X999,2002,"Regulación económica",2506056.25,https://www.boe.es/buscar/doc.php?id=BOE-A-2001-24964
424,X999,2002,"Regulación financiera",2114853.26,https://www.boe.es/buscar/doc.php?id=BOE-A-2001-24964
425,16,2002,"Agricultura, Pesca y Alimentación",7509145.63,https://www.boe.es/buscar/doc.php?id=BOE-A-2001-24964
426,X999,2002,Industria,723295.07,https://www.boe.es/buscar/doc.php?id=BOE-A-2001-24964
427,X999,2002,Energía,26422.75,https://www.boe.es/buscar/doc.php?id=BOE-A-2001-24964
428,X999,2002,Minería,1126748.25,https://www.boe.es/buscar/doc.php?id=BOE-A-2001-24964
429,X999,2002,Turismo,128707.86,https://www.boe.es/buscar/doc.php?id=BOE-A-2001-24964
430,X999,2002,Comercio,969828.68,https://www.boe.es/buscar/doc.php?id=BOE-A-2001-24964
431,X999,2002,"Transferencias a Admones. Públicas Territoriales",33812200.13,https://www.boe.es/buscar/doc.php?id=BOE-A-2001-24964
432,X999,2002,"Relaciones financieras con la Unión Europea",8086546.69,https://www.boe.es/buscar/doc.php?id=BOE-A-2001-24964
433,27,2002,"Deuda Pública",17729857.08,https://www.boe.es/buscar/doc.php?id=BOE-A-2001-24964
434,X999,2003,"Alta Dirección del Estado y del Gobierno",468861.75,https://www.boe.es/buscar/act.php?id=BOE-A-2002-25411
435,X999,2003,"Administración General",494440.63,https://www.boe.es/buscar/act.php?id=BOE-A-2002-25411
436,X999,2003,"Relaciones Exteriores",1001098.12,https://www.boe.es/buscar/act.php?id=BOE-A-2002-25411
437,01,2003,Justicia,1117585.84,https://www.boe.es/buscar/act.php?id=BOE-A-2002-25411
438,X999,2003,"Protección y Seguridad Nuclear",42841.39,https://www.boe.es/buscar/act.php?id=BOE-A-2002-25411
439,02,2003,Defensa,6212765.83,https://www.boe.es/buscar/act.php?id=BOE-A-2002-25411
440,X999,2003,"Seguridad y Protección Civil",5419350.37,https://www.boe.es/buscar/act.php?id=BOE-A-2002-25411
441,X999,2003,"Seguridad y Protección Social",91215550.31,https://www.boe.es/buscar/act.php?id=BOE-A-2002-25411
442,X999,2003,"Promoción Social",5411443.45,https://www.boe.es/buscar/act.php?id=BOE-A-2002-25411
443,13,2003,Sanidad,3369524.55,https://www.boe.es/buscar/act.php?id=BOE-A-2002-25411
444,14,2003,Educación,1498263.34,https://www.boe.es/buscar/act.php?id=BOE-A-2002-25411
445,X999,2003,"Vivienda y Urbanismo",645609.37,https://www.boe.es/buscar/act.php?id=BOE-A-2002-25411
446,X999,2003,"Bienestar Comunitario",512967.38,https://www.boe.es/buscar/act.php?id=BOE-A-2002-25411
447,15,2003,Cultura,816644.12,https://www.boe.es/buscar/act.php?id=BOE-A-2002-25411
448,X999,2003,"Otros Servicios Comunitarios y Sociales",193452.21,https://www.boe.es/buscar/act.php?id=BOE-A-2002-25411
449,X999,2003,"Infraestructuras Básicas y Transportes",7778039.64,https://www.boe.es/buscar/act.php?id=BOE-A-2002-25411
450,X999,2003,Comunicaciones,165777.61,https://www.boe.es/buscar/act.php?id=BOE-A-2002-25411
451,X999,2003,"Infraestructuras Agrarias",353989.54,https://www.boe.es/buscar/act.php?id=BOE-A-2002-25411
452,X999,2003,"Investigación Científica, Técnica y Aplicada",1952395.54,https://www.boe.es/buscar/act.php?id=BOE-A-2002-25411
453,X999,2003,"Información Básica y Estadística",318063.86,https://www.boe.es/buscar/act.php?id=BOE-A-2002-25411
454,X999,2003,"Regulación económica",2394548.13,https://www.boe.es/buscar/act.php?id=BOE-A-2002-25411
455,X999,2003,"Regulación financiera",4129983.72,https://www.boe.es/buscar/act.php?id=BOE-A-2002-25411
456,16,2003,"Agricultura, Pesca y Alimentación",7932343.04,https://www.boe.es/buscar/act.php?id=BOE-A-2002-25411
457,X999,2003,Industria,684633.09,https://www.boe.es/buscar/act.php?id=BOE-A-2002-25411
458,X999,2003,Energía,43344.27,https://www.boe.es/buscar/act.php?id=BOE-A-2002-25411
459,X999,2003,Minería,1226031.59,https://www.boe.es/buscar/act.php?id=BOE-A-2002-25411
460,X999,2003,Turismo,133545.20,https://www.boe.es/buscar/act.php?id=BOE-A-2002-25411
461,X999,2003,Comercio,313957.03,https://www.boe.es/buscar/act.php?id=BOE-A-2002-25411
462,X999,2003,"Transferencias a Admones. Públicas Territoriales",37539363.61,https://www.boe.es/buscar/act.php?id=BOE-A-2002-25411
463,X999,2003,"Relaciones financieras con la Unión Europea",8496651.01,https://www.boe.es/buscar/act.php?id=BOE-A-2002-25411
464,27,2003,"Deuda Pública",19632006.41,https://www.boe.es/buscar/act.php?id=BOE-A-2002-25411
465,X999,2004,"Alta Dirección del Estado y del Gobierno",508769.87,https://www.boe.es/buscar/act.php?id=BOE-A-2003-23935
466,X999,2004,"Administración General",540031.24,https://www.boe.es/buscar/act.php?id=BOE-A-2003-23935
467,X999,2004,"Relaciones Exteriores",1032598.73,https://www.boe.es/buscar/act.php?id=BOE-A-2003-23935
468,01,2004,Justicia,1095204.12,https://www.boe.es/buscar/act.php?id=BOE-A-2003-23935
469,X999,2004,"Protección y Seguridad Nuclear",48182.72,https://www.boe.es/buscar/act.php?id=BOE-A-2003-23935
470,02,2004,Defensa,6495875.59,https://www.boe.es/buscar/act.php?id=BOE-A-2003-23935
471,X999,2004,"Seguridad y Protección Civil",5746070.95,https://www.boe.es/buscar/act.php?id=BOE-A-2003-23935
472,X999,2004,"Seguridad y Protección Social",97429081.00,https://www.boe.es/buscar/act.php?id=BOE-A-2003-23935
473,X999,2004,"Promoción Social",5884239.30,https://www.boe.es/buscar/act.php?id=BOE-A-2003-23935
474,13,2004,Sanidad,3571836.35,https://www.boe.es/buscar/act.php?id=BOE-A-2003-23935
475,14,2004,Educación,1545888.26,https://www.boe.es/buscar/act.php?id=BOE-A-2003-23935
476,X999,2004,"Vivienda y Urbanismo",661543.28,https://www.boe.es/buscar/act.php?id=BOE-A-2003-23935
477,X999,2004,"Bienestar Comunitario",559868.17,https://www.boe.es/buscar/act.php?id=BOE-A-2003-23935
478,15,2004,Cultura,852943.42,https://www.boe.es/buscar/act.php?id=BOE-A-2003-23935
479,X999,2004,"Otros Servicios Comunitarios y Sociales",333000.07,https://www.boe.es/buscar/act.php?id=BOE-A-2003-23935
480,X999,2004,"Infraestructuras Básicas y Transportes",8328254.85,https://www.boe.es/buscar/act.php?id=BOE-A-2003-23935
481,X999,2004,Comunicaciones,125534.45,https://www.boe.es/buscar/act.php?id=BOE-A-2003-23935
482,X999,2004,"Infraestructuras Agrarias",376518.56,https://www.boe.es/buscar/act.php?id=BOE-A-2003-23935
483,X999,2004,"Investigación Científica, Técnica y Aplicada",2144477.03,https://www.boe.es/buscar/act.php?id=BOE-A-2003-23935
484,X999,2004,"Información Básica y Estadística",330968.81,https://www.boe.es/buscar/act.php?id=BOE-A-2003-23935
485,X999,2004,"Regulación económica",2164016.95,https://www.boe.es/buscar/act.php?id=BOE-A-2003-23935
486,X999,2004,"Regulación financiera",4328490.92,https://www.boe.es/buscar/act.php?id=BOE-A-2003-23935
487,16,2004,"Agricultura, Pesca y Alimentación",7978813.97,https://www.boe.es/buscar/act.php?id=BOE-A-2003-23935
488,X999,2004,Industria,632281.97,https://www.boe.es/buscar/act.php?id=BOE-A-2003-23935
489,X999,2004,Energía,59702.70,https://www.boe.es/buscar/act.php?id=BOE-A-2003-23935
490,X999,2004,Minería,1244072.91,https://www.boe.es/buscar/act.php?id=BOE-A-2003-23935
491,X999,2004,Turismo,140449.44,https://www.boe.es/buscar/act.php?id=BOE-A-2003-23935
492,X999,2004,Comercio,325902.10,https://www.boe.es/buscar/act.php?id=BOE-A-2003-23935
493,X999,2004,"Transferencias a Administraciones Públicas Territoriales",37754023.91,https://www.boe.es/buscar/act.php?id=BOE-A-2003-23935
494,X999,2004,"Relaciones financieras con la Unión Europea",9275141.01,https://www.boe.es/buscar/act.php?id=BOE-A-2003-23935
495,27,2004,"Deuda Pública",19003632.52,https://www.boe.es/buscar/act.php?id=BOE-A-2003-23935
496,01,2005,Justicia,1184325.04,https://www.boe.es/buscar/doc.php?id=BOE-A-2004-21688
497,02,2005,Defensa,6757574.84,https://www.boe.es/buscar/doc.php?id=BOE-A-2004-21688
498,03,2005,"Seguridad ciudadana e instituciones penitenciarias",6492830.98,https://www.boe.es/buscar/doc.php?id=BOE-A-2004-21688
499,X999,2005,"Política exterior",1155812.71,https://www.boe.es/buscar/doc.php?id=BOE-A-2004-21688
500,05,2005,Pensiones,79221280.47,https://www.boe.es/buscar/doc.php?id=BOE-A-2004-21688
501,06,2005,"Otras prestaciones económicas",10656226.06,https://www.boe.es/buscar/doc.php?id=BOE-A-2004-21688
502,07,2005,"Servicios sociales y promoción social",1378114.97,https://www.boe.es/buscar/doc.php?id=BOE-A-2004-21688
503,08,2005,"Fomento del empleo",6237563.73,https://www.boe.es/buscar/doc.php?id=BOE-A-2004-21688
504,09,2005,Desempleo,12688219.52,https://www.boe.es/buscar/doc.php?id=BOE-A-2004-21688
505,10,2005,"Acceso a la vivienda y fomento de la edificación",878321.15,https://www.boe.es/buscar/doc.php?id=BOE-A-2004-21688
506,X999,2005,"Gestión y administración de la Seguridad Social",7984071.49,https://www.boe.es/buscar/doc.php?id=BOE-A-2004-21688
507,13,2005,Sanidad,3648407.03,https://www.boe.es/buscar/doc.php?id=BOE-A-2004-21688
508,14,2005,Educación,1619543.43,https://www.boe.es/buscar/doc.php?id=BOE-A-2004-21688
509,15,2005,Cultura,936312.99,https://www.boe.es/buscar/doc.php?id=BOE-A-2004-21688
510,16,2005,"Agricultura, pesca y alimentación",8296653.82,https://www.boe.es/buscar/doc.php?id=BOE-A-2004-21688
511,17,2005,"Industria y energía",1764826.63,https://www.boe.es/buscar/doc.php?id=BOE-A-2004-21688
512,18,2005,"Comercio, Turismo y PYMES",1198091.27,https://www.boe.es/buscar/doc.php?id=BOE-A-2004-21688
513,19,2005,"Subvenciones al transporte",1309265.26,https://www.boe.es/buscar/doc.php?id=BOE-A-2004-21688
514,X999,2005,Infraestructuras,11419778.78,https://www.boe.es/buscar/doc.php?id=BOE-A-2004-21688
515,X999,2005,"Investigación, desarrollo e innovación",5018113.39,https://www.boe.es/buscar/doc.php?id=BOE-A-2004-21688
516,22,2005,"Otras actuaciones de carácter económico",803783.01,https://www.boe.es/buscar/doc.php?id=BOE-A-2004-21688
517,X999,2005,"Alta dirección",588462.16,https://www.boe.es/buscar/doc.php?id=BOE-A-2004-21688
518,24,2005,"Servicios de carácter general",6712226.26,https://www.boe.es/buscar/doc.php?id=BOE-A-2004-21688
519,25,2005,"Administración financiera y tributaria",1424566.14,https://www.boe.es/buscar/doc.php?id=BOE-A-2004-21688
520,26,2005,"Transferencias a otras Administraciones Públicas",50891458.86,https://www.boe.es/buscar/doc.php?id=BOE-A-2004-21688
521,27,2005,"Deuda Pública",19272000.00,https://www.boe.es/buscar/doc.php?id=BOE-A-2004-21688
522,01,2006,Justicia,1332646.49,https://www.boe.es/buscar/act.php?id=BOE-A-2005-21525
523,02,2006,Defensa,7123361.75,https://www.boe.es/buscar/act.php?id=BOE-A-2005-21525
524,03,2006,"Seguridad ciudadana e instituciones penitenciarias",7266837.21,https://www.boe.es/buscar/act.php?id=BOE-A-2005-21525
525,X999,2006,"Política exterior",1437310.22,https://www.boe.es/buscar/act.php?id=BOE-A-2005-21525
526,05,2006,Pensiones,84681586.35,https://www.boe.es/buscar/act.php?id=BOE-A-2005-21525
527,06,2006,"Otras prestaciones económicas",11972106.00,https://www.boe.es/buscar/act.php?id=BOE-A-2005-21525
528,07,2006,"Servicios sociales y promoción social",1650464.39,https://www.boe.es/buscar/act.php?id=BOE-A-2005-21525
529,08,2006,"Fomento del empleo",6527153.36,https://www.boe.es/buscar/act.php?id=BOE-A-2005-21525
530,09,2006,Desempleo,13578339.59,https://www.boe.es/buscar/act.php?id=BOE-A-2005-21525
531,10,2006,"Acceso a la vivienda y fomento de la edificación",1079371.87,https://www.boe.es/buscar/act.php?id=BOE-A-2005-21525
532,X999,2006,"Gestión y administración de la Seguridad Social",9199547.48,https://www.boe.es/buscar/act.php?id=BOE-A-2005-21525
533,13,2006,Sanidad,3960565.88,https://www.boe.es/buscar/act.php?id=BOE-A-2005-21525
534,14,2006,Educación,1935359.21,https://www.boe.es/buscar/act.php?id=BOE-A-2005-21525
535,15,2006,Cultura,1027545.95,https://www.boe.es/buscar/act.php?id=BOE-A-2005-21525
536,16,2006,"Agricultura, pesca y alimentación",8479438.07,https://www.boe.es/buscar/act.php?id=BOE-A-2005-21525
537,17,2006,"Industria y energía",1891336.27,https://www.boe.es/buscar/act.php?id=BOE-A-2005-21525
538,18,2006,"Comercio, Turismo y PYMES",1655144.54,https://www.boe.es/buscar/act.php?id=BOE-A-2005-21525
539,19,2006,"Subvenciones al transporte",1579714.58,https://www.boe.es/buscar/act.php?id=BOE-A-2005-21525
540,X999,2006,Infraestructuras,12936903.49,https://www.boe.es/buscar/act.php?id=BOE-A-2005-21525
541,X999,2006,"Investigación, desarrollo e innovación",6545724.73,https://www.boe.es/buscar/act.php?id=BOE-A-2005-21525
542,22,2006,"Otras actuaciones de carácter económico",710425.46,https://www.boe.es/buscar/act.php?id=BOE-A-2005-21525
543,X999,2006,"Alta dirección",642522.24,https://www.boe.es/buscar/act.php?id=BOE-A-2005-21525
544,24,2006,"Servicios de carácter general",7571097.72,https://www.boe.es/buscar/act.php?id=BOE-A-2005-21525
545,25,2006,"Administración financiera y tributaria",1479055.44,https://www.boe.es/buscar/act.php?id=BOE-A-2005-21525
546,26,2006,"Transferencias a otras Administraciones Públicas",56146487.22,https://www.boe.es/buscar/act.php?id=BOE-A-2005-21525
547,27,2006,"Deuda Pública",17421700.00,https://www.boe.es/buscar/act.php?id=BOE-A-2005-21525
548,01,2007,Justicia,1451479.22,https://www.boe.es/buscar/act.php?id=BOE-A-2006-22865
549,02,2007,Defensa,7696385.63,https://www.boe.es/buscar/act.php?id=BOE-A-2006-22865
550,03,2007,"Seguridad ciudadana e instituciones penitenciarias",8138416.89,https://www.boe.es/buscar/act.php?id=BOE-A-2006-22865
551,X999,2007,"Política exterior",2287742.86,https://www.boe.es/buscar/act.php?id=BOE-A-2006-22865
552,05,2007,Pensiones,91458177.16,https://www.boe.es/buscar/act.php?id=BOE-A-2006-22865
553,06,2007,"Otras prestaciones económicas",12797422.61,https://www.boe.es/buscar/act.php?id=BOE-A-2006-22865
554,07,2007,"Servicios sociales y promoción social",1832557.83,https://www.boe.es/buscar/act.php?id=BOE-A-2006-22865
555,08,2007,"Fomento del empleo",7286954.07,https://www.boe.es/buscar/act.php?id=BOE-A-2006-22865
556,09,2007,Desempleo,14470660.64,https://www.boe.es/buscar/act.php?id=BOE-A-2006-22865
557,10,2007,"Acceso a la vivienda y fomento de la edificación",1247555.93,https://www.boe.es/buscar/act.php?id=BOE-A-2006-22865
558,X999,2007,"Gestión y administración de la Seguridad Social",10453334.10,https://www.boe.es/buscar/act.php?id=BOE-A-2006-22865
559,13,2007,Sanidad,4200302.24,https://www.boe.es/buscar/act.php?id=BOE-A-2006-22865
560,14,2007,Educación,2485480.12,https://www.boe.es/buscar/act.php?id=BOE-A-2006-22865
561,15,2007,Cultura,1128299.32,https://www.boe.es/buscar/act.php?id=BOE-A-2006-22865
562,16,2007,"Agricultura, pesca y alimentación",8536302.69,https://www.boe.es/buscar/act.php?id=BOE-A-2006-22865
563,17,2007,"Industria y energía",2117280.93,https://www.boe.es/buscar/act.php?id=BOE-A-2006-22865
564,18,2007,"Comercio, Turismo y PYMES",1168821.04,https://www.boe.es/buscar/act.php?id=BOE-A-2006-22865
565,19,2007,"Subvenciones al transporte",1685138.93,https://www.boe.es/buscar/act.php?id=BOE-A-2006-22865
566,X999,2007,Infraestructuras,14237096.35,https://www.boe.es/buscar/act.php?id=BOE-A-2006-22865
567,X999,2007,"Investigación, desarrollo e innovación",8122756.61,https://www.boe.es/buscar/act.php?id=BOE-A-2006-22865
568,22,2007,"Otras actuaciones de carácter económico",643684.94,https://www.boe.es/buscar/act.php?id=BOE-A-2006-22865
569,X999,2007,"Alta dirección",715299.56,https://www.boe.es/buscar/act.php?id=BOE-A-2006-22865
570,24,2007,"Servicios de carácter general",8553328.89,https://www.boe.es/buscar/act.php?id=BOE-A-2006-22865
571,25,2007,"Administración financiera y tributaria",1558381.35,https://www.boe.es/buscar/act.php?id=BOE-A-2006-22865
572,26,2007,"Transferencias a otras Administraciones Públicas",60993306.39,https://www.boe.es/buscar/act.php?id=BOE-A-2006-22865
573,27,2007,"Deuda Pública",15925000.00,https://www.boe.es/buscar/act.php?id=BOE-A-2006-22865
574,01,2008,Justicia,1564029.53,https://www.boe.es/buscar/act.php?id=BOE-A-2007-22295
575,02,2008,Defensa,8149354.42,https://www.boe.es/buscar/act.php?id=BOE-A-2007-22295
576,03,2008,"Seguridad ciudadana e instituciones penitenciarias",8874377.17,https://www.boe.es/buscar/act.php?id=BOE-A-2007-22295
577,X999,2008,"Política exterior",3468485.31,https://www.boe.es/buscar/act.php?id=BOE-A-2007-22295
578,05,2008,Pensiones,98011776.73,https://www.boe.es/buscar/act.php?id=BOE-A-2007-22295
579,06,2008,"Otras prestaciones económicas",14085292.38,https://www.boe.es/buscar/act.php?id=BOE-A-2007-22295
580,07,2008,"Servicios sociales y promoción social",2087902.11,https://www.boe.es/buscar/act.php?id=BOE-A-2007-22295
581,08,2008,"Fomento del empleo",7683831.77,https://www.boe.es/buscar/act.php?id=BOE-A-2007-22295
582,09,2008,Desempleo,15777076.66,https://www.boe.es/buscar/act.php?id=BOE-A-2007-22295
583,10,2008,"Acceso a la vivienda y fomento de la edificación",1378397.14,https://www.boe.es/buscar/act.php?id=BOE-A-2007-22295
584,X999,2008,"Gestión y administración de la Seguridad Social",11232721.48,https://www.boe.es/buscar/act.php?id=BOE-A-2007-22295
585,13,2008,Sanidad,4433817.23,https://www.boe.es/buscar/act.php?id=BOE-A-2007-22295
586,14,2008,Educación,2932624.67,https://www.boe.es/buscar/act.php?id=BOE-A-2007-22295
587,15,2008,Cultura,1220434.53,https://www.boe.es/buscar/act.php?id=BOE-A-2007-22295
588,16,2008,"Agricultura, pesca y alimentación",8998640.60,https://www.boe.es/buscar/act.php?id=BOE-A-2007-22295
589,17,2008,"Industria y energía",2313355.34,https://www.boe.es/buscar/act.php?id=BOE-A-2007-22295
590,18,2008,"Comercio, turismo y PYMES",1120598.14,https://www.boe.es/buscar/act.php?id=BOE-A-2007-22295
591,19,2008,"Subvenciones al transporte",1816997.02,https://www.boe.es/buscar/act.php?id=BOE-A-2007-22295
592,X999,2008,Infraestructuras,15169728.48,https://www.boe.es/buscar/act.php?id=BOE-A-2007-22295
593,X999,2008,"Investigación, desarrollo e innovación",9427939.55,https://www.boe.es/buscar/act.php?id=BOE-A-2007-22295
594,22,2008,"Otras actuaciones de carácter económico",690650.99,https://www.boe.es/buscar/act.php?id=BOE-A-2007-22295
595,X999,2008,"Alta dirección",769199.85,https://www.boe.es/buscar/act.php?id=BOE-A-2007-22295
596,24,2008,"Servicios de carácter general",9029351.65,https://www.boe.es/buscar/act.php?id=BOE-A-2007-22295
597,25,2008,"Administración financiera y tributaria",1627057.69,https://www.boe.es/buscar/act.php?id=BOE-A-2007-22295
598,26,2008,"Transferencias a otras Administraciones Públicas",65849626.47,https://www.boe.es/buscar/act.php?id=BOE-A-2007-22295
599,27,2008,"Deuda Pública",16609000.00,https://www.boe.es/buscar/act.php?id=BOE-A-2007-22295
600,01,2009,Justicia,1658493.28,https://www.boe.es/buscar/act.php?id=BOE-A-2008-20744
601,02,2009,Defensa,7846872.84,https://www.boe.es/buscar/act.php?id=BOE-A-2008-20744
602,03,2009,"Seguridad ciudadana e instituciones penitenciarias",8649199.79,https://www.boe.es/buscar/act.php?id=BOE-A-2008-20744
603,X999,2009,"Política exterior",3676851.14,https://www.boe.es/buscar/act.php?id=BOE-A-2008-20744
604,05,2009,Pensiones,106098578.82,https://www.boe.es/buscar/act.php?id=BOE-A-2008-20744
605,06,2009,"Otras prestaciones económicas",14973334.84,https://www.boe.es/buscar/act.php?id=BOE-A-2008-20744
606,07,2009,"Servicios sociales y promoción social",2508623.99,https://www.boe.es/buscar/act.php?id=BOE-A-2008-20744
607,08,2009,"Fomento del empleo",7584159.32,https://www.boe.es/buscar/act.php?id=BOE-A-2008-20744
608,09,2009,Desempleo,19615945.86,https://www.boe.es/buscar/act.php?id=BOE-A-2008-20744
609,10,2009,"Acceso a la vivienda y fomento de la edificación",1615932.54,https://www.boe.es/buscar/act.php?id=BOE-A-2008-20744
610,X999,2009,"Gestión y administración de la Seguridad Social",12920486.48,https://www.boe.es/buscar/act.php?id=BOE-A-2008-20744
611,13,2009,Sanidad,4622916.91,https://www.boe.es/buscar/act.php?id=BOE-A-2008-20744
612,14,2009,Educación,2987690.28,https://www.boe.es/buscar/act.php?id=BOE-A-2008-20744
613,15,2009,Cultura,1284262.68,https://www.boe.es/buscar/act.php?id=BOE-A-2008-20744
614,16,2009,"Agricultura, pesca y alimentación",8861085.91,https://www.boe.es/buscar/act.php?id=BOE-A-2008-20744
615,17,2009,"Industria y energía",2874544.97,https://www.boe.es/buscar/act.php?id=BOE-A-2008-20744
616,18,2009,"Comercio, turismo y PYMES",1626868.66,https://www.boe.es/buscar/act.php?id=BOE-A-2008-20744
617,19,2009,"Subvenciones al transporte",1744318.41,https://www.boe.es/buscar/act.php?id=BOE-A-2008-20744
618,X999,2009,Infraestructuras,13573246.30,https://www.boe.es/buscar/act.php?id=BOE-A-2008-20744
619,X999,2009,"Investigación, desarrollo e innovación",9661798.82,https://www.boe.es/buscar/act.php?id=BOE-A-2008-20744
620,22,2009,"Otras actuaciones de carácter económico",631361.93,https://www.boe.es/buscar/act.php?id=BOE-A-2008-20744
621,X999,2009,"Alta dirección",763858.90,https://www.boe.es/buscar/act.php?id=BOE-A-2008-20744
622,24,2009,"Servicios de carácter general",9021401.22,https://www.boe.es/buscar/act.php?id=BOE-A-2008-20744
623,25,2009,"Administración financiera y tributaria",21596869.96,https://www.boe.es/buscar/act.php?id=BOE-A-2008-20744
624,26,2009,"Transferencias a otras Administraciones Públicas",66414577.66,https://www.boe.es/buscar/act.php?id=BOE-A-2008-20744
625,27,2009,"Deuda Pública",17400000.00,https://www.boe.es/buscar/act.php?id=BOE-A-2008-20744
626,01,2010,Justicia,1818796.36,https://www.boe.es/buscar/doc.php?id=BOE-A-2009-20765
627,02,2010,Defensa,7357062.90,https://www.boe.es/buscar/doc.php?id=BOE-A-2009-20765
628,03,2010,"Seguridad ciudadana e instituciones penitenciarias",8872807.37,https://www.boe.es/buscar/doc.php?id=BOE-A-2009-20765
629,X999,2010,"Política exterior",3547956.46,https://www.boe.es/buscar/doc.php?id=BOE-A-2009-20765
630,05,2010,Pensiones,108282711.67,https://www.boe.es/buscar/doc.php?id=BOE-A-2009-20765
631,06,2010,"Otras prestaciones económicas",14402516.98,https://www.boe.es/buscar/doc.php?id=BOE-A-2009-20765
632,07,2010,"Servicios sociales y promoción social",2737038.45,https://www.boe.es/buscar/doc.php?id=BOE-A-2009-20765
633,08,2010,"Fomento del empleo",7750665.17,https://www.boe.es/buscar/doc.php?id=BOE-A-2009-20765
634,09,2010,Desempleo,30974836.28,https://www.boe.es/buscar/doc.php?id=BOE-A-2009-20765
635,X999,2010,"Acceso vivienda y fomento de la edificación",1498064.74,https://www.boe.es/buscar/doc.php?id=BOE-A-2009-20765
636,X999,2010,"Gestión y administración de la Seguridad Social",6362289.83,https://www.boe.es/buscar/doc.php?id=BOE-A-2009-20765
637,13,2010,Sanidad,4634601.85,https://www.boe.es/buscar/doc.php?id=BOE-A-2009-20765
638,14,2010,Educación,3092088.26,https://www.boe.es/buscar/doc.php?id=BOE-A-2009-20765
639,15,2010,Cultura,1198893.35,https://www.boe.es/buscar/doc.php?id=BOE-A-2009-20765
640,16,2010,"Agricultura, pesca y alimentación",8959117.58,https://www.boe.es/buscar/doc.php?id=BOE-A-2009-20765
641,17,2010,"Industria y energía",3229336.16,https://www.boe.es/buscar/doc.php?id=BOE-A-2009-20765
642,18,2010,"Comercio, turismo y PYMES",1511350.60,https://www.boe.es/buscar/doc.php?id=BOE-A-2009-20765
643,X999,2010,"Subvención al transporte",1186167.34,https://www.boe.es/buscar/doc.php?id=BOE-A-2009-20765
644,X999,2010,Infraestructuras,14886322.33,https://www.boe.es/buscar/doc.php?id=BOE-A-2009-20765
645,X999,2010,"Investigación, desarrollo e innovación",9270778.25,https://www.boe.es/buscar/doc.php?id=BOE-A-2009-20765
646,22,2010,"Otras actuaciones de carácter económico",691435.64,https://www.boe.es/buscar/doc.php?id=BOE-A-2009-20765
647,X999,2010,"Alta dirección",818190.32,https://www.boe.es/buscar/doc.php?id=BOE-A-2009-20765
648,24,2010,"Servicios de carácter general",9314307.19,https://www.boe.es/buscar/doc.php?id=BOE-A-2009-20765
649,25,2010,"Administración financiera y tributaria",1499960.10,https://www.boe.es/buscar/doc.php?id=BOE-A-2009-20765
650,26,2010,"Transferencias a otras Administraciones Públicas",73598570.60,https://www.boe.es/buscar/doc.php?id=BOE-A-2009-20765
651,27,2010,"Deuda Pública",23200000.00,https://www.boe.es/buscar/doc.php?id=BOE-A-2009-20765
652,01,2011,Justicia,1713254.53,https://www.boe.es/buscar/doc.php?id=BOE-A-2010-19703
653,02,2011,Defensa,6868197.37,https://www.boe.es/buscar/doc.php?id=BOE-A-2010-19703
654,03,2011,"Seguridad ciudadana e instituciones penitenciarias",8401959.44,https://www.boe.es/buscar/doc.php?id=BOE-A-2010-19703
655,X999,2011,"Política exterior",2747732.88,https://www.boe.es/buscar/doc.php?id=BOE-A-2010-19703
656,05,2011,Pensiones,112215755.17,https://www.boe.es/buscar/doc.php?id=BOE-A-2010-19703
657,06,2011,"Otras prestaciones económicas",13576364.76,https://www.boe.es/buscar/doc.php?id=BOE-A-2010-19703
658,07,2011,"Servicios sociales y promoción social",2521584.45,https://www.boe.es/buscar/doc.php?id=BOE-A-2010-19703
659,08,2011,"Fomento del empleo",7329101.82,https://www.boe.es/buscar/doc.php?id=BOE-A-2010-19703
660,09,2011,Desempleo,30474059.63,https://www.boe.es/buscar/doc.php?id=BOE-A-2010-19703
661,10,2011,"Acceso a la vivienda y fomento de la edificación",1218114.18,https://www.boe.es/buscar/doc.php?id=BOE-A-2010-19703
662,X999,2011,"Gestión y administración de la Seguridad Social",7770590.96,https://www.boe.es/buscar/doc.php?id=BOE-A-2010-19703
663,13,2011,Sanidad,4255135.32,https://www.boe.es/buscar/doc.php?id=BOE-A-2010-19703
664,14,2011,Educación,2843428.35,https://www.boe.es/buscar/doc.php?id=BOE-A-2010-19703
665,15,2011,Cultura,1103994.90,https://www.boe.es/buscar/doc.php?id=BOE-A-2010-19703
666,16,2011,"Agricultura, pesca y alimentación",8578492.80,https://www.boe.es/buscar/doc.php?id=BOE-A-2010-19703
667,17,2011,"Industria y energía",2800809.85,https://www.boe.es/buscar/doc.php?id=BOE-A-2010-19703
668,18,2011,"Comercio, turismo y PYMES",1432939.93,https://www.boe.es/buscar/doc.php?id=BOE-A-2010-19703
669,19,2011,"Subvenciones al transporte",1018724.76,https://www.boe.es/buscar/doc.php?id=BOE-A-2010-19703
670,X999,2011,Infraestructuras,9577378.69,https://www.boe.es/buscar/doc.php?id=BOE-A-2010-19703
671,X999,2011,"Investigación, desarrollo e innovación",8586360.64,https://www.boe.es/buscar/doc.php?id=BOE-A-2010-19703
672,22,2011,"Otras actuaciones de carácter económico",668403.66,https://www.boe.es/buscar/doc.php?id=BOE-A-2010-19703
673,X999,2011,"Alta dirección",679554.11,https://www.boe.es/buscar/doc.php?id=BOE-A-2010-19703
674,24,2011,"Servicios de carácter general",7988306.41,https://www.boe.es/buscar/doc.php?id=BOE-A-2010-19703
675,25,2011,"Administración financiera y tributaria",1410101.99,https://www.boe.es/buscar/doc.php?id=BOE-A-2010-19703
676,26,2011,"Transferencias a otras Administraciones Públicas",42811178.51,https://www.boe.es/buscar/doc.php?id=BOE-A-2010-19703
677,27,2011,"Deuda Pública",27400000.00,https://www.boe.es/buscar/doc.php?id=BOE-A-2010-19703
678,01,2012,Justicia,1612633.09,https://www.boe.es/buscar/act.php?id=BOE-A-2012-8745
679,02,2012,Defensa,6269315.18,https://www.boe.es/buscar/act.php?id=BOE-A-2012-8745
680,03,2012,"Seguridad ciudadana e instituciones penitenciarias",8354908.59,https://www.boe.es/buscar/act.php?id=BOE-A-2012-8745
681,X999,2012,"Política exterior",1680616.02,https://www.boe.es/buscar/act.php?id=BOE-A-2012-8745
682,05,2012,Pensiones,115825933.59,https://www.boe.es/buscar/act.php?id=BOE-A-2012-8745
683,06,2012,"Otras prestaciones económicas",12013279.33,https://www.boe.es/buscar/act.php?id=BOE-A-2012-8745
684,07,2012,"Servicios sociales y promoción social",2119017.07,https://www.boe.es/buscar/act.php?id=BOE-A-2012-8745
685,08,2012,"Fomento del empleo",5764743.28,https://www.boe.es/buscar/act.php?id=BOE-A-2012-8745
686,09,2012,Desempleo,28805052.82,https://www.boe.es/buscar/act.php?id=BOE-A-2012-8745
687,10,2012,"Acceso a la vivienda y fomento de la edificación",819912.29,https://www.boe.es/buscar/act.php?id=BOE-A-2012-8745
688,X999,2012,"Gestión y administración de la Seguridad Social",2901115.02,https://www.boe.es/buscar/act.php?id=BOE-A-2012-8745
689,13,2012,Sanidad,3975624.53,https://www.boe.es/buscar/act.php?id=BOE-A-2012-8745
690,14,2012,Educación,2219464.77,https://www.boe.es/buscar/act.php?id=BOE-A-2012-8745
691,15,2012,Cultura,942462.90,https://www.boe.es/buscar/act.php?id=BOE-A-2012-8745
692,16,2012,"Agricultura, pesca y alimentación",8454632.36,https://www.boe.es/buscar/act.php?id=BOE-A-2012-8745
693,17,2012,"Industria y energía",1897060.30,https://www.boe.es/buscar/act.php?id=BOE-A-2012-8745
694,18,2012,"Comercio, turismo y PYMES",1109967.16,https://www.boe.es/buscar/act.php?id=BOE-A-2012-8745
695,19,2012,"Subvenciones al transporte",1616801.03,https://www.boe.es/buscar/act.php?id=BOE-A-2012-8745
696,X999,2012,Infraestructuras,7020033.47,https://www.boe.es/buscar/act.php?id=BOE-A-2012-8745
697,X999,2012,"Investigación, desarrollo e innovación",6386881.36,https://www.boe.es/buscar/act.php?id=BOE-A-2012-8745
698,22,2012,"Otras actuaciones de carácter económico",590363.01,https://www.boe.es/buscar/act.php?id=BOE-A-2012-8745
699,X999,2012,"Alta dirección",633350.09,https://www.boe.es/buscar/act.php?id=BOE-A-2012-8745
700,24,2012,"Servicios de carácter general",6991682.62,https://www.boe.es/buscar/act.php?id=BOE-A-2012-8745
701,25,2012,"Administración financiera y tributaria",5237718.35,https://www.boe.es/buscar/act.php?id=BOE-A-2012-8745
702,26,2012,"Transferencias a otras Administraciones Públicas",49686069.35,https://www.boe.es/buscar/act.php?id=BOE-A-2012-8745
703,27,2012,"Deuda Pública",28848000.00,https://www.boe.es/buscar/act.php?id=BOE-A-2012-8745
704,01,2013,Justicia,1542847.29,https://www.boe.es/buscar/act.php?id=BOE-A-2012-15651
705,02,2013,Defensa,5786011.87,https://www.boe.es/buscar/act.php?id=BOE-A-2012-15651
706,03,2013,"Seguridad ciudadana e instituciones penitenciarias",7903484.72,https://www.boe.es/buscar/act.php?id=BOE-A-2012-15651
707,X999,2013,"Política exterior",1495268.38,https://www.boe.es/buscar/act.php?id=BOE-A-2012-15651
708,05,2013,Pensiones,121556511.11,https://www.boe.es/buscar/act.php?id=BOE-A-2012-15651
709,06,2013,"Otras prestaciones económicas",11880256.25,https://www.boe.es/buscar/act.php?id=BOE-A-2012-15651
710,07,2013,"Servicios sociales y promoción social",2844993.57,https://www.boe.es/buscar/act.php?id=BOE-A-2012-15651
711,08,2013,"Fomento del empleo",3771510.86,https://www.boe.es/buscar/act.php?id=BOE-A-2012-15651
712,09,2013,Desempleo,26993695.96,https://www.boe.es/buscar/act.php?id=BOE-A-2012-15651
713,10,2013,"Acceso a la vivienda y fomento de la edificación",765875.88,https://www.boe.es/buscar/act.php?id=BOE-A-2012-15651
714,X999,2013,"Gestión y administración de la Seguridad Social",4436298.79,https://www.boe.es/buscar/act.php?id=BOE-A-2012-15651
715,13,2013,Sanidad,3855771.11,https://www.boe.es/buscar/act.php?id=BOE-A-2012-15651
716,14,2013,Educación,1944852.76,https://www.boe.es/buscar/act.php?id=BOE-A-2012-15651
717,15,2013,Cultura,721711.65,https://www.boe.es/buscar/act.php?id=BOE-A-2012-15651
718,16,2013,"Agricultura, pesca y alimentación",7661865.98,https://www.boe.es/buscar/act.php?id=BOE-A-2012-15651
719,17,2013,"Industria y energía",4574993.90,https://www.boe.es/buscar/act.php?id=BOE-A-2012-15651
720,18,2013,"Comercio, turismo y PYMES",889556.63,https://www.boe.es/buscar/act.php?id=BOE-A-2012-15651
721,19,2013,"Subvenciones al transporte",1180030.35,https://www.boe.es/buscar/act.php?id=BOE-A-2012-15651
722,X999,2013,Infraestructuras,5965819.49,https://www.boe.es/buscar/act.php?id=BOE-A-2012-15651
723,X999,2013,"Investigación, desarrollo e innovación",5925838.17,https://www.boe.es/buscar/act.php?id=BOE-A-2012-15651
724,22,2013,"Otras actuaciones de carácter económico",901304.57,https://www.boe.es/buscar/act.php?id=BOE-A-2012-15651
725,X999,2013,"Alta dirección",595636.49,https://www.boe.es/buscar/act.php?id=BOE-A-2012-15651
726,24,2013,"Servicios de carácter general",29843770.65,https://www.boe.es/buscar/act.php?id=BOE-A-2012-15651
727,25,2013,"Administración financiera y tributaria",5501588.04,https://www.boe.es/buscar/act.php?id=BOE-A-2012-15651
728,26,2013,"Transferencias a otras Administraciones Públicas",48316649.44,https://www.boe.es/buscar/act.php?id=BOE-A-2012-15651
729,27,2013,"Deuda Pública",38589550.00,https://www.boe.es/buscar/act.php?id=BOE-A-2012-15651
730,01,2015,Justicia,1508154.45,https://www.boe.es/buscar/act.php?id=BOE-A-2014-13612
731,02,2015,Defensa,5711687.42,https://www.boe.es/buscar/act.php?id=BOE-A-2014-13612
732,03,2015,"Seguridad ciudadana e instituciones penitenciarias",7843129.34,https://www.boe.es/buscar/act.php?id=BOE-A-2014-13612
733,X999,2015,"Política exterior",1422426.13,https://www.boe.es/buscar/act.php?id=BOE-A-2014-13612
734,05,2015,Pensiones,131658531.37,https://www.boe.es/buscar/act.php?id=BOE-A-2014-13612
735,06,2015,"Otras prestaciones económicas",10943652.91,https://www.boe.es/buscar/act.php?id=BOE-A-2014-13612
736,07,2015,"Servicios sociales y promoción social",1944287.35,https://www.boe.es/buscar/act.php?id=BOE-A-2014-13612
737,08,2015,"Fomento del empleo",4746361.41,https://www.boe.es/buscar/act.php?id=BOE-A-2014-13612
738,09,2015,Desempleo,25300040.46,https://www.boe.es/buscar/act.php?id=BOE-A-2014-13612
739,10,2015,"Acceso a la vivienda y fomento de la edificación",587109.09,https://www.boe.es/buscar/act.php?id=BOE-A-2014-13612
740,X999,2015,"Gestión y administración de la Seguridad Social",5344138.14,https://www.boe.es/buscar/act.php?id=BOE-A-2014-13612
741,13,2015,Sanidad,3863831.98,https://www.boe.es/buscar/act.php?id=BOE-A-2014-13612
742,14,2015,Educación,2272862.88,https://www.boe.es/buscar/act.php?id=BOE-A-2014-13612
743,15,2015,Cultura,749057.51,https://www.boe.es/buscar/act.php?id=BOE-A-2014-13612
744,16,2015,"Agricultura, pesca y alimentación",8579917.72,https://www.boe.es/buscar/act.php?id=BOE-A-2014-13612
745,17,2015,"Industria y energía",6027761.96,https://www.boe.es/buscar/act.php?id=BOE-A-2014-13612
746,18,2015,"Comercio, turismo y PYMES",963301.86,https://www.boe.es/buscar/act.php?id=BOE-A-2014-13612
747,19,2015,"Subvenciones al transporte",1340469.26,https://www.boe.es/buscar/act.php?id=BOE-A-2014-13612
748,X999,2015,Infraestructuras,6150015.23,https://www.boe.es/buscar/act.php?id=BOE-A-2014-13612
749,X999,2015,"Investigación, desarrollo e innovación",6395150.74,https://www.boe.es/buscar/act.php?id=BOE-A-2014-13612
750,22,2015,"Otras actuaciones de carácter económico",927489.59,https://www.boe.es/buscar/act.php?id=BOE-A-2014-13612
751,X999,2015,"Alta dirección",612823.51,https://www.boe.es/buscar/act.php?id=BOE-A-2014-13612
752,24,2015,"Servicios de carácter general",28417446.84,https://www.boe.es/buscar/act.php?id=BOE-A-2014-13612
753,25,2015,"Administración financiera y tributaria",1877804.10,https://www.boe.es/buscar/act.php?id=BOE-A-2014-13612
754,26,2015,"Transferencias a otras Administraciones Públicas",47165889.60,https://www.boe.es/buscar/act.php?id=BOE-A-2014-13612
755,27,2015,"Deuda Pública",35490000.00,https://www.boe.es/buscar/act.php?id=BOE-A-2014-13612
756,01,2016,Justicia,1604311.79,https://www.boe.es/buscar/act.php?id=BOE-A-2015-11644
757,02,2016,Defensa,5734291.91,https://www.boe.es/buscar/act.php?id=BOE-A-2015-11644
758,03,2016,"Seguridad ciudadana e instituciones penitenciarias",7903617.60,https://www.boe.es/buscar/act.php?id=BOE-A-2015-11644
759,X999,2016,"Política exterior",1477939.85,https://www.boe.es/buscar/act.php?id=BOE-A-2015-11644
760,05,2016,Pensiones,135448925.79,https://www.boe.es/buscar/act.php?id=BOE-A-2015-11644
761,06,2016,"Otras prestaciones económicas",11685709.21,https://www.boe.es/buscar/act.php?id=BOE-A-2015-11644
762,07,2016,"Servicios sociales y promoción social",2296222.52,https://www.boe.es/buscar/act.php?id=BOE-A-2015-11644
763,08,2016,"Fomento del empleo",5214915.94,https://www.boe.es/buscar/act.php?id=BOE-A-2015-11644
764,09,2016,Desempleo,19620938.90,https://www.boe.es/buscar/act.php?id=BOE-A-2015-11644
765,10,2016,"Acceso a la vivienda y fomento de la edificación",587109.09,https://www.boe.es/buscar/act.php?id=BOE-A-2015-11644
766,X999,2016,"Gestión y administración de la Seguridad Social",5990123.50,https://www.boe.es/buscar/act.php?id=BOE-A-2015-11644
767,13,2016,Sanidad,4000117.65,https://www.boe.es/buscar/act.php?id=BOE-A-2015-11644
768,14,2016,Educación,2484280.81,https://www.boe.es/buscar/act.php?id=BOE-A-2015-11644
769,15,2016,Cultura,806759.34,https://www.boe.es/buscar/act.php?id=BOE-A-2015-11644
770,16,2016,"Agricultura, pesca y alimentación",7403252.30,https://www.boe.es/buscar/act.php?id=BOE-A-2015-11644
771,17,2016,"Industria y energía",5457019.46,https://www.boe.es/buscar/act.php?id=BOE-A-2015-11644
772,18,2016,"Comercio, turismo y PYMES",982618.81,https://www.boe.es/buscar/act.php?id=BOE-A-2015-11644
773,19,2016,"Subvenciones al transporte",1424067.76,https://www.boe.es/buscar/act.php?id=BOE-A-2015-11644
774,X999,2016,Infraestructuras,6048971.96,https://www.boe.es/buscar/act.php?id=BOE-A-2015-11644
775,X999,2016,"Investigación, desarrollo e innovación",6425162.27,https://www.boe.es/buscar/act.php?id=BOE-A-2015-11644
776,22,2016,"Otras actuaciones de carácter económico",665352.64,https://www.boe.es/buscar/act.php?id=BOE-A-2015-11644
777,X999,2016,"Alta dirección",633570.89,https://www.boe.es/buscar/act.php?id=BOE-A-2015-11644
778,24,2016,"Servicios de carácter general",33998157.19,https://www.boe.es/buscar/act.php?id=BOE-A-2015-11644
779,25,2016,"Administración financiera y tributaria",1656815.13,https://www.boe.es/buscar/act.php?id=BOE-A-2015-11644
780,26,2016,"Transferencias a otras Administraciones Públicas",48816042.45,https://www.boe.es/buscar/act.php?id=BOE-A-2015-11644
781,27,2016,"Deuda Pública",33490000.00,https://www.boe.es/buscar/act.php?id=BOE-A-2015-11644
782,01,2018,Justicia,1726190.93,https://www.boe.es/buscar/act.php?id=BOE-A-2017-7387
783,02,2018,Defensa,7575592.87,https://www.boe.es/buscar/act.php?id=BOE-A-2017-7387
784,03,2018,"Seguridad ciudadana e instituciones penitenciarias",7912330.49,https://www.boe.es/buscar/act.php?id=BOE-A-2017-7387
785,X999,2018,"Política exterior",1521698.50,https://www.boe.es/buscar/act.php?id=BOE-A-2017-7387
786,05,2018,Pensiones,139646723.08,https://www.boe.es/buscar/act.php?id=BOE-A-2017-7387
787,06,2018,"Otras prestaciones económicas",13511898.23,https://www.boe.es/buscar/act.php?id=BOE-A-2017-7387
788,07,2018,"Servicios sociales y promoción social",2408293.27,https://www.boe.es/buscar/act.php?id=BOE-A-2017-7387
789,08,2018,"Fomento del empleo",5499254.75,https://www.boe.es/buscar/act.php?id=BOE-A-2017-7387
790,09,2018,Desempleo,18318312.65,https://www.boe.es/buscar/act.php?id=BOE-A-2017-7387
791,10,2018,"Acceso a la vivienda y fomento de la edificación",474242.03,https://www.boe.es/buscar/act.php?id=BOE-A-2017-7387
792,X999,2018,"Gestión y administración de la Seguridad Social",14287731.22,https://www.boe.es/buscar/act.php?id=BOE-A-2017-7387
793,13,2018,Sanidad,4093477.83,https://www.boe.es/buscar/act.php?id=BOE-A-2017-7387
794,14,2018,Educación,2523816.20,https://www.boe.es/buscar/act.php?id=BOE-A-2017-7387
795,15,2018,Cultura,802592.03,https://www.boe.es/buscar/act.php?id=BOE-A-2017-7387
796,16,2018,"Agricultura, pesca y alimentación",7412500.29,https://www.boe.es/buscar/act.php?id=BOE-A-2017-7387
797,17,2018,"Industria y energía",5432171.09,https://www.boe.es/buscar/act.php?id=BOE-A-2017-7387
798,18,2018,"Comercio, turismo y PYMES",875387.05,https://www.boe.es/buscar/act.php?id=BOE-A-2017-7387
799,19,2018,"Subvenciones al transporte",1421025.89,https://www.boe.es/buscar/act.php?id=BOE-A-2017-7387
800,X999,2018,Infraestructuras,5453144.31,https://www.boe.es/buscar/act.php?id=BOE-A-2017-7387
801,X999,2018,"Investigación, desarrollo e innovación",6502620.63,https://www.boe.es/buscar/act.php?id=BOE-A-2017-7387
802,22,2018,"Otras actuaciones de carácter económico",555556.67,https://www.boe.es/buscar/act.php?id=BOE-A-2017-7387
803,X999,2018,"Alta dirección",652414.92,https://www.boe.es/buscar/act.php?id=BOE-A-2017-7387
804,24,2018,"Servicios de carácter general",24728302.83,https://www.boe.es/buscar/act.php?id=BOE-A-2017-7387
805,25,2018,"Administración financiera y tributaria",1382390.38,https://www.boe.es/buscar/act.php?id=BOE-A-2017-7387
806,26,2018,"Transferencias a otras Administraciones Públicas",48222511.07,https://www.boe.es/buscar/act.php?id=BOE-A-2017-7387
807,27,2018,"Deuda Pública",32171000.00,https://www.boe.es/buscar/act.php?id=BOE-A-2017-7387
808,01,2019,Justicia,1780744.41,https://www.boe.es/buscar/act.php?id=BOE-A-2018-9268
809,02,2019,Defensa,8400561.54,https://www.boe.es/buscar/act.php?id=BOE-A-2018-9268
810,03,2019,"Seguridad ciudadana e instituciones penitenciarias",8418138.71,https://www.boe.es/buscar/act.php?id=BOE-A-2018-9268
811,X999,2019,"Política exterior",1581443.50,https://www.boe.es/buscar/act.php?id=BOE-A-2018-9268
812,05,2019,Pensiones,144834305.66,https://www.boe.es/buscar/act.php?id=BOE-A-2018-9268
813,06,2019,"Otras prestaciones económicas",14388365.95,https://www.boe.es/buscar/act.php?id=BOE-A-2018-9268
814,07,2019,"Servicios sociales y promoción social",2630336.56,https://www.boe.es/buscar/act.php?id=BOE-A-2018-9268
815,08,2019,"Fomento del empleo",5716143.35,https://www.boe.es/buscar/act.php?id=BOE-A-2018-9268
816,09,2019,Desempleo,17702180.62,https://www.boe.es/buscar/act.php?id=BOE-A-2018-9268
817,10,2019,"Acceso a la vivienda y fomento de la edificación",481242.38,https://www.boe.es/buscar/act.php?id=BOE-A-2018-9268
818,X999,2019,"Gestión y administración de la Seguridad Social",17296740.17,https://www.boe.es/buscar/act.php?id=BOE-A-2018-9268
819,13,2019,Sanidad,4253251.86,https://www.boe.es/buscar/act.php?id=BOE-A-2018-9268
820,14,2019,Educación,2581904.73,https://www.boe.es/buscar/act.php?id=BOE-A-2018-9268
821,15,2019,Cultura,856152.14,https://www.boe.es/buscar/act.php?id=BOE-A-2018-9268
822,16,2019,"Agricultura, pesca y alimentación",7500180.83,https://www.boe.es/buscar/act.php?id=BOE-A-2018-9268
823,17,2019,"Industria y energía",5768827.92,https://www.boe.es/buscar/act.php?id=BOE-A-2018-9268
824,18,2019,"Comercio, turismo y PYMES",896202.75,https://www.boe.es/buscar/act.php?id=BOE-A-2018-9268
825,19,2019,"Subvenciones al transporte",2148762.09,https://www.boe.es/buscar/act.php?id=BOE-A-2018-9268
826,X999,2019,Infraestructuras,5656508.44,https://www.boe.es/buscar/act.php?id=BOE-A-2018-9268
827,X999,2019,"Investigación, desarrollo e innovación",7050074.76,https://www.boe.es/buscar/act.php?id=BOE-A-2018-9268
828,22,2019,"Otras actuaciones de carácter económico",639474.99,https://www.boe.es/buscar/act.php?id=BOE-A-2018-9268
829,23,2019,"Órganos constitucionales, Gobierno y otros",681462.60,https://www.boe.es/buscar/act.php?id=BOE-A-2018-9268
830,24,2019,"Servicios de carácter general",24658607.36,https://www.boe.es/buscar/act.php?id=BOE-A-2018-9268
831,25,2019,"Administración financiera y tributaria",1389528.85,https://www.boe.es/buscar/act.php?id=BOE-A-2018-9268
832,26,2019,"Transferencias a otras Administraciones Públicas",49510401.92,https://www.boe.es/buscar/act.php?id=BOE-A-2018-9268
833,27,2019,"Deuda Pública",31547483.77,https://www.boe.es/buscar/act.php?id=BOE-A-2018-9268
834,01,2021,Justicia,2048130.86,https://www.boe.es/buscar/act.php?id=BOE-A-2020-17339
835,02,2021,Defensa,9072014.33,https://www.boe.es/buscar/act.php?id=BOE-A-2020-17339
836,03,2021,"Seguridad ciudadana e instituciones penitenciarias",9694414.96,https://www.boe.es/buscar/act.php?id=BOE-A-2020-17339
837,X999,2021,"Política exterior",1882007.70,https://www.boe.es/buscar/act.php?id=BOE-A-2020-17339
838,05,2021,Pensiones,163296580.73,https://www.boe.es/buscar/act.php?id=BOE-A-2020-17339
839,06,2021,"Otras prestaciones económicas",20622903.69,https://www.boe.es/buscar/act.php?id=BOE-A-2020-17339
840,07,2021,"Servicios sociales y promoción social",5201178.94,https://www.boe.es/buscar/act.php?id=BOE-A-2020-17339
841,08,2021,"Fomento del empleo",7404808.73,https://www.boe.es/buscar/act.php?id=BOE-A-2020-17339
842,09,2021,Desempleo,25011796.59,https://www.boe.es/buscar/act.php?id=BOE-A-2020-17339
843,10,2021,"Acceso a la vivienda y fomento de la edificación",2253095.38,https://www.boe.es/buscar/act.php?id=BOE-A-2020-17339
844,11,2021,"Gestión y administración de trabajo y economía social",104150.44,https://www.boe.es/buscar/act.php?id=BOE-A-2020-17339
845,12,2021,"Gestión y administración de la inclusión de la Seguridad Social y de la migración",2499120.21,https://www.boe.es/buscar/act.php?id=BOE-A-2020-17339
846,13,2021,Sanidad,7329683.78,https://www.boe.es/buscar/act.php?id=BOE-A-2020-17339
847,14,2021,Educación,4893456.13,https://www.boe.es/buscar/act.php?id=BOE-A-2020-17339
848,15,2021,Cultura,1148063.83,https://www.boe.es/buscar/act.php?id=BOE-A-2020-17339
849,16,2021,"Agricultura, pesca y alimentación",8405077.71,https://www.boe.es/buscar/act.php?id=BOE-A-2020-17339
850,17,2021,"Industria y energía",11176462.19,https://www.boe.es/buscar/act.php?id=BOE-A-2020-17339
851,18,2021,"Comercio, turismo y PYMES",2220008.18,https://www.boe.es/buscar/act.php?id=BOE-A-2020-17339
852,19,2021,"Subvenciones al transporte",2618291.54,https://www.boe.es/buscar/act.php?id=BOE-A-2020-17339
853,20,2021,"Infraestructuras y ecosistemas resilientes",11473421.40,https://www.boe.es/buscar/act.php?id=BOE-A-2020-17339
854,21,2021,"Investigación, desarrollo, innovación y digitalización",12344566.74,https://www.boe.es/buscar/act.php?id=BOE-A-2020-17339
855,22,2021,"Otras actuaciones de carácter económico",1107885.94,https://www.boe.es/buscar/act.php?id=BOE-A-2020-17339
856,23,2021,"Órganos constitucionales, Gobierno y otros",752090.48,https://www.boe.es/buscar/act.php?id=BOE-A-2020-17339
857,24,2021,"Servicios de carácter general",39932671.45,https://www.boe.es/buscar/act.php?id=BOE-A-2020-17339
858,25,2021,"Administración financiera y tributaria",1564087.68,https://www.boe.es/buscar/act.php?id=BOE-A-2020-17339
859,26,2021,"Transferencias a otras Administraciones Públicas",70342163.71,https://www.boe.es/buscar/act.php?id=BOE-A-2020-17339
860,27,2021,"Deuda Pública",31675104.09,https://www.boe.es/buscar/act.php?id=BOE-A-2020-17339
861,01,2022,Justicia,2283549.40,https://www.boe.es/buscar/act.php?id=BOE-A-2021-21653
862,02,2022,Defensa,9790811.51,https://www.boe.es/buscar/act.php?id=BOE-A-2021-21653
863,03,2022,"Seguridad ciudadana e instituciones penitenciarias",10148792.92,https://www.boe.es/buscar/act.php?id=BOE-A-2021-21653
864,04,2022,"Política exterior y de Cooperación para el Desarrollo",2253519.82,https://www.boe.es/buscar/act.php?id=BOE-A-2021-21653
865,05,2022,Pensiones,171139653.31,https://www.boe.es/buscar/act.php?id=BOE-A-2021-21653
866,06,2022,"Otras prestaciones económicas",20974483.87,https://www.boe.es/buscar/act.php?id=BOE-A-2021-21653
867,07,2022,"Servicios sociales y promoción social",6179087.07,https://www.boe.es/buscar/act.php?id=BOE-A-2021-21653
868,08,2022,"Fomento del empleo",7647927.04,https://www.boe.es/buscar/act.php?id=BOE-A-2021-21653
869,09,2022,Desempleo,22457097.22,https://www.boe.es/buscar/act.php?id=BOE-A-2021-21653
870,10,2022,"Acceso a la vivienda y fomento de la edificación",3295195.06,https://www.boe.es/buscar/act.php?id=BOE-A-2021-21653
871,11,2022,"Gestión y administración de trabajo y economía social",142939.78,https://www.boe.es/buscar/act.php?id=BOE-A-2021-21653
872,12,2022,"Gestión y administración de la inclusión de la Seguridad Social y de la migración",3336308.63,https://www.boe.es/buscar/act.php?id=BOE-A-2021-21653
873,13,2022,Sanidad,6606049.94,https://www.boe.es/buscar/act.php?id=BOE-A-2021-21653
874,14,2022,Educación,5022783.88,https://www.boe.es/buscar/act.php?id=BOE-A-2021-21653
875,15,2022,Cultura,1589332.19,https://www.boe.es/buscar/act.php?id=BOE-A-2021-21653
876,16,2022,"Agricultura, pesca y alimentación",8845249.72,https://www.boe.es/buscar/act.php?id=BOE-A-2021-21653
877,17,2022,"Industria y energía",11313634.81,https://www.boe.es/buscar/act.php?id=BOE-A-2021-21653
878,18,2022,"Comercio, turismo y PYMES",2932002.37,https://www.boe.es/buscar/act.php?id=BOE-A-2021-21653
879,19,2022,"Subvenciones al transporte",2720595.49,https://www.boe.es/buscar/act.php?id=BOE-A-2021-21653
880,20,2022,"Infraestructuras y ecosistemas resilientes",11842660.13,https://www.boe.es/buscar/act.php?id=BOE-A-2021-21653
881,21,2022,"Investigación, desarrollo, innovación y digitalización",13298386.88,https://www.boe.es/buscar/act.php?id=BOE-A-2021-21653
882,22,2022,"Otras actuaciones de carácter económico",1393168.56,https://www.boe.es/buscar/act.php?id=BOE-A-2021-21653
883,23,2022,"Órganos constitucionales, Gobierno y otros",789134.55,https://www.boe.es/buscar/act.php?id=BOE-A-2021-21653
884,24,2022,"Servicios de carácter general",30452795.90,https://www.boe.es/buscar/act.php?id=BOE-A-2021-21653
885,25,2022,"Administración financiera y tributaria",1611385.40,https://www.boe.es/buscar/act.php?id=BOE-A-2021-21653
886,26,2022,"Transferencias a otras Administraciones Públicas",70727918.05,https://www.boe.es/buscar/act.php?id=BOE-A-2021-21653
887,27,2022,"Deuda Pública",30175104.09,https://www.boe.es/buscar/act.php?id=BOE-A-2021-21653
888,01,2023,Justicia,2291318.48,https://www.boe.es/buscar/act.php?id=BOE-A-2022-22128
889,02,2023,Defensa,12316829.07,https://www.boe.es/buscar/act.php?id=BOE-A-2022-22128
890,03,2023,"Seguridad ciudadana e instituciones penitenciarias",10719204.60,https://www.boe.es/buscar/act.php?id=BOE-A-2022-22128
891,04,2023,"Política exterior y de Cooperación para el Desarrollo",2425506.04,https://www.boe.es/buscar/act.php?id=BOE-A-2022-22128
892,05,2023,Pensiones,190687246.15,https://www.boe.es/buscar/act.php?id=BOE-A-2022-22128
893,06,2023,"Otras prestaciones económicas",22299766.43,https://www.boe.es/buscar/act.php?id=BOE-A-2022-22128
894,07,2023,"Servicios sociales y promoción social",7116821.58,https://www.boe.es/buscar/act.php?id=BOE-A-2022-22128
895,08,2023,"Fomento del empleo",8028785.39,https://www.boe.es/buscar/act.php?id=BOE-A-2022-22128
896,09,2023,Desempleo,21278019.88,https://www.boe.es/buscar/act.php?id=BOE-A-2022-22128
897,10,2023,"Acceso a la vivienda y fomento de la edificación",3476835.65,https://www.boe.es/buscar/act.php?id=BOE-A-2022-22128
898,11,2023,"Gestión y administración de trabajo y economía social",193468.48,https://www.boe.es/buscar/act.php?id=BOE-A-2022-22128
899,12,2023,"Gestión y administración de la inclusión, de la Seguridad Social y de la migración",7162231.25,https://www.boe.es/buscar/act.php?id=BOE-A-2022-22128
900,13,2023,Sanidad,7049082.76,https://www.boe.es/buscar/act.php?id=BOE-A-2022-22128
901,14,2023,Educación,5354973.35,https://www.boe.es/buscar/act.php?id=BOE-A-2022-22128
902,15,2023,Cultura,1803689.82,https://www.boe.es/buscar/act.php?id=BOE-A-2022-22128
903,16,2023,"Agricultura, pesca y alimentación",8868482.65,https://www.boe.es/buscar/act.php?id=BOE-A-2022-22128
904,17,2023,"Industria y energía",10154333.15,https://www.boe.es/buscar/act.php?id=BOE-A-2022-22128
905,18,2023,"Comercio, turismo y PYMES",3096078.05,https://www.boe.es/buscar/act.php?id=BOE-A-2022-22128
906,19,2023,"Subvenciones al transporte",3447680.30,https://www.boe.es/buscar/act.php?id=BOE-A-2022-22128
907,20,2023,"Infraestructuras y ecosistemas resilientes",12609089.58,https://www.boe.es/buscar/act.php?id=BOE-A-2022-22128
908,21,2023,"Investigación, desarrollo, innovación y digitalización",17766985.03,https://www.boe.es/buscar/act.php?id=BOE-A-2022-22128
909,22,2023,"Otras actuaciones de carácter económico",1450766.23,https://www.boe.es/buscar/act.php?id=BOE-A-2022-22128
910,23,2023,"Órganos constitucionales, Gobierno y otros",933290.40,https://www.boe.es/buscar/act.php?id=BOE-A-2022-22128
911,24,2023,"Servicios de carácter general",25969487.61,https://www.boe.es/buscar/act.php?id=BOE-A-2022-22128
912,25,2023,"Administración financiera y tributaria",1753485.71,https://www.boe.es/buscar/act.php?id=BOE-A-2022-22128
913,26,2023,"Transferencias a otras Administraciones Públicas",66457250.49,https://www.boe.es/buscar/act.php?id=BOE-A-2022-22128
914,27,2023,"Deuda Pública",31275104.09,https://www.boe.es/buscar/act.php?id=BOE-A-2022-22128
