id_politica,año,politica,presupuesto,fuente
X999,1986,Alta Dirección del Estado y del Gobierno,12960358000,https://www.boe.es/buscar/doc.php?id=BOE-A-1985-26831
X999,1986,Administración General,27231094000,https://www.boe.es/buscar/doc.php?id=BOE-A-1985-26831
X999,1986,Relaciones Exteriores,41362891000,https://www.boe.es/buscar/doc.php?id=BOE-A-1985-26831
01,1986,Justicia,84890114000,https://www.boe.es/buscar/doc.php?id=BOE-A-1985-26831
02,1986,Defensa,606338666000,https://www.boe.es/buscar/doc.php?id=BOE-A-1985-26831
X999,1986,Seguridad y Protección Civil,276424306000,https://www.boe.es/buscar/doc.php?id=BOE-A-1985-26831
X999,1986,Seguridad Social y Protección Social,4346187917000,https://www.boe.es/buscar/doc.php?id=BOE-A-1985-26831
X999,1986,Promoción Social,110685542000,https://www.boe.es/buscar/doc.php?id=BOE-A-1985-26831
13,1986,Sanidad,1075689795000,https://www.boe.es/buscar/doc.php?id=BOE-A-1985-26831
14,1986,Educación,521814229000,https://www.boe.es/buscar/doc.php?id=BOE-A-1985-26831
X999,1986,Vivienda,65339488000,https://www.boe.es/buscar/doc.php?id=BOE-A-1985-26831
X999,1986,Bienestar Comunitario,19324111000,https://www.boe.es/buscar/doc.php?id=BOE-A-1985-26831
15,1986,Cultura,51528092000,https://www.boe.es/buscar/doc.php?id=BOE-A-1985-26831
X999,1986,Otros Servicios Comunitarios y Sociales,27075585000,https://www.boe.es/buscar/doc.php?id=BOE-A-1985-26831
X999,1986,Infraestructuras Básicas y del Transporte,402613844000,https://www.boe.es/buscar/doc.php?id=BOE-A-1985-26831
X999,1986,Comunicaciones,99480722000,https://www.boe.es/buscar/doc.php?id=BOE-A-1985-26831
X999,1986,Infraestructuras,93982404000,https://www.boe.es/buscar/doc.php?id=BOE-A-1985-26831
X999,1986,"Investigación Científica, Técnica y Aplicada",83953295000,https://www.boe.es/buscar/doc.php?id=BOE-A-1985-26831
X999,1986,Información Estadística Básica,16723749000,https://www.boe.es/buscar/doc.php?id=BOE-A-1985-26831
X999,1986,Actuaciones Económicas Generales,17669093000,https://www.boe.es/buscar/doc.php?id=BOE-A-1985-26831
X999,1986,Comercio,19235944000,https://www.boe.es/buscar/doc.php?id=BOE-A-1985-26831
X999,1986,Actividad Financiera,1132043484000,https://www.boe.es/buscar/doc.php?id=BOE-A-1985-26831
X999,1986,"Agricultura, Ganadería y Pesca",361843063000,https://www.boe.es/buscar/doc.php?id=BOE-A-1985-26831
X999,1986,Industria,152530238000,https://www.boe.es/buscar/doc.php?id=BOE-A-1985-26831
X999,1986,Energía,19385369000,https://www.boe.es/buscar/doc.php?id=BOE-A-1985-26831
X999,1986,Minería,34852142000,https://www.boe.es/buscar/doc.php?id=BOE-A-1985-26831
X999,1986,Turismo,15302659000,https://www.boe.es/buscar/doc.php?id=BOE-A-1985-26831
X999,1986,Reconversión Industrial y Reindustrialización,368561184000,https://www.boe.es/buscar/doc.php?id=BOE-A-1985-26831
X999,1986,Desarrollo Empresarial,31648311000,https://www.boe.es/buscar/doc.php?id=BOE-A-1985-26831
X999,1986,Transferencias a Administraciones Públicas Territoriales,1036082442000,https://www.boe.es/buscar/doc.php?id=BOE-A-1985-26831
27,1986,Deuda Pública,1089009530000,https://www.boe.es/buscar/doc.php?id=BOE-A-1985-26831
X999,1987,Alta Dirección del Estado y del Gobierno,15839118000,https://www.boe.es/buscar/doc.php?id=BOE-A-1986-33382
X999,1987,Administración General,27435423000,https://www.boe.es/buscar/doc.php?id=BOE-A-1986-33382
X999,1987,Relaciones Exteriores,50031499000,https://www.boe.es/buscar/doc.php?id=BOE-A-1986-33382
01,1987,Justicia,98090866000,https://www.boe.es/buscar/doc.php?id=BOE-A-1986-33382
02,1987,Defensa,679732187000,https://www.boe.es/buscar/doc.php?id=BOE-A-1986-33382
X999,1987,Seguridad y Protección Civil,307366204000,https://www.boe.es/buscar/doc.php?id=BOE-A-1986-33382
X999,1987,Seguridad Social y Protección Social,4723657787000,https://www.boe.es/buscar/doc.php?id=BOE-A-1986-33382
X999,1987,Promoción Social,230057625000,https://www.boe.es/buscar/doc.php?id=BOE-A-1986-33382
13,1987,Sanidad,1185422125000,https://www.boe.es/buscar/doc.php?id=BOE-A-1986-33382
14,1987,Educación,539706291000,https://www.boe.es/buscar/doc.php?id=BOE-A-1986-33382
X999,1987,Vivienda,71641118000,https://www.boe.es/buscar/doc.php?id=BOE-A-1986-33382
X999,1987,Bienestar Comunitario,16698694000,https://www.boe.es/buscar/doc.php?id=BOE-A-1986-33382
15,1987,Cultura,54333973000,https://www.boe.es/buscar/doc.php?id=BOE-A-1986-33382
X999,1987,Otros Servicios Comunitarios y Sociales,27991691000,https://www.boe.es/buscar/doc.php?id=BOE-A-1986-33382
X999,1987,Infraestructuras Básicas y del Transporte,529282793000,https://www.boe.es/buscar/doc.php?id=BOE-A-1986-33382
X999,1987,Comunicaciones,111225217000,https://www.boe.es/buscar/doc.php?id=BOE-A-1986-33382
X999,1987,Infraestructura,82629659000,https://www.boe.es/buscar/doc.php?id=BOE-A-1986-33382
X999,1987,"Investigación Científica, Técnica y Aplicada",100268972000,https://www.boe.es/buscar/doc.php?id=BOE-A-1986-33382
X999,1987,Información Estadística Básica,19669255000,https://www.boe.es/buscar/doc.php?id=BOE-A-1986-33382
X999,1987,Actuaciones Económicas Generales,23176405000,https://www.boe.es/buscar/doc.php?id=BOE-A-1986-33382
X999,1987,Comercio,21287459000,https://www.boe.es/buscar/doc.php?id=BOE-A-1986-33382
X999,1987,Actividad Financiera,1190351506000,https://www.boe.es/buscar/doc.php?id=BOE-A-1986-33382
X999,1987,"Agricultura, Ganadería y Pesca",397764614000,https://www.boe.es/buscar/doc.php?id=BOE-A-1986-33382
X999,1987,Industria,186935675000,https://www.boe.es/buscar/doc.php?id=BOE-A-1986-33382
X999,1987,Energía,26334477000,https://www.boe.es/buscar/doc.php?id=BOE-A-1986-33382
X999,1987,Minería,35304802000,https://www.boe.es/buscar/doc.php?id=BOE-A-1986-33382
X999,1987,Turismo,17522356000,https://www.boe.es/buscar/doc.php?id=BOE-A-1986-33382
X999,1987,Reconversión Industrial y Reindustrialización,179170211000,https://www.boe.es/buscar/doc.php?id=BOE-A-1986-33382
X999,1987,Desarrollo Empresarial,35455873000,https://www.boe.es/buscar/doc.php?id=BOE-A-1986-33382
X999,1987,Transferencias a Administraciones Públicas Territoriales,1329686931000,https://www.boe.es/buscar/doc.php?id=BOE-A-1986-33382
27,1987,Deuda Pública,1085586712000,https://www.boe.es/buscar/doc.php?id=BOE-A-1986-33382
X999,1988,Alta Dirección del Estado y del Gobierno,20032295,https://www.boe.es/buscar/doc.php?id=BOE-A-1987-28404
X999,1988,Administración General,29123309,https://www.boe.es/buscar/doc.php?id=BOE-A-1987-28404
X999,1988,Relaciones Exteriores,61057822,https://www.boe.es/buscar/doc.php?id=BOE-A-1987-28404
01,1988,Justicia,123570777,https://www.boe.es/buscar/doc.php?id=BOE-A-1987-28404
02,1988,Defensa,729586062,https://www.boe.es/buscar/doc.php?id=BOE-A-1987-28404
X999,1988,Seguridad y Protección Civil,359930436,https://www.boe.es/buscar/doc.php?id=BOE-A-1987-28404
X999,1988,Seguridad y Protección Social,5099339979,https://www.boe.es/buscar/doc.php?id=BOE-A-1987-28404
X999,1988,Promoción Social,266372917,https://www.boe.es/buscar/doc.php?id=BOE-A-1987-28404
13,1988,Sanidad,1350222962,https://www.boe.es/buscar/doc.php?id=BOE-A-1987-28404
14,1988,Educación,625390804,https://www.boe.es/buscar/doc.php?id=BOE-A-1987-28404
X999,1988,Vivienda y Urbanismo,87891798,https://www.boe.es/buscar/doc.php?id=BOE-A-1987-28404
X999,1988,Bienestar Comunitario,17783196,https://www.boe.es/buscar/doc.php?id=BOE-A-1987-28404
15,1988,Cultura,65112158,https://www.boe.es/buscar/doc.php?id=BOE-A-1987-28404
X999,1988,Otros Servicios Comunitarios y Sociales,26426156,https://www.boe.es/buscar/doc.php?id=BOE-A-1987-28404
X999,1988,Infraestructuras Básicas y Transportes,626020430,https://www.boe.es/buscar/doc.php?id=BOE-A-1987-28404
X999,1988,Comunicaciones,114637338,https://www.boe.es/buscar/doc.php?id=BOE-A-1987-28404
X999,1988,Infraestructuras Agrarias,100064708,https://www.boe.es/buscar/doc.php?id=BOE-A-1987-28404
X999,1988,"Investigación Científica, Técnica y Aplicada",128028383,https://www.boe.es/buscar/doc.php?id=BOE-A-1987-28404
X999,1988,Información Básica y Estadística,19786614,https://www.boe.es/buscar/doc.php?id=BOE-A-1987-28404
X999,1988,Regulación económica,191592582,https://www.boe.es/buscar/doc.php?id=BOE-A-1987-28404
X999,1988,Regulación comercial,28156261,https://www.boe.es/buscar/doc.php?id=BOE-A-1987-28404
X999,1988,Regulación financiera,92757318,https://www.boe.es/buscar/doc.php?id=BOE-A-1987-28404
X999,1988,"Agricultura, Ganadería y Pesca",534586915,https://www.boe.es/buscar/doc.php?id=BOE-A-1987-28404
X999,1988,Industria,440498279,https://www.boe.es/buscar/doc.php?id=BOE-A-1987-28404
X999,1988,Energía,23430545,https://www.boe.es/buscar/doc.php?id=BOE-A-1987-28404
X999,1988,Minería,36570500,https://www.boe.es/buscar/doc.php?id=BOE-A-1987-28404
X999,1988,Turismo,16932417,https://www.boe.es/buscar/doc.php?id=BOE-A-1987-28404
X999,1988,Transferencias a Administraciones Públicas Territoriales,1463310806,https://www.boe.es/buscar/doc.php?id=BOE-A-1987-28404
X999,1988,Relaciones financieras y transferencias a las Comunidades Europeas,262884800,https://www.boe.es/buscar/doc.php?id=BOE-A-1987-28404
27,1988,Deuda Pública,1226643879,https://www.boe.es/buscar/doc.php?id=BOE-A-1987-28404
X999,1989,Alta Dirección del Estado y del Gobierno,21284289,https://www.boe.es/buscar/doc.php?id=BOE-A-1988-29563
X999,1989,Administración General,31891142,https://www.boe.es/buscar/doc.php?id=BOE-A-1988-29563
X999,1989,Relaciones Exteriores,68801395,https://www.boe.es/buscar/doc.php?id=BOE-A-1988-29563
01,1989,Justicia,143878937,https://www.boe.es/buscar/doc.php?id=BOE-A-1988-29563
X999,1989,Protección y Seguridad Nuclear,3833830,https://www.boe.es/buscar/doc.php?id=BOE-A-1988-29563
02,1989,Defensa,756036563,https://www.boe.es/buscar/doc.php?id=BOE-A-1988-29563
X999,1989,Seguridad y Protección Civil,404653490,https://www.boe.es/buscar/doc.php?id=BOE-A-1988-29563
X999,1989,Seguridad y Protección Social,5628146376,https://www.boe.es/buscar/doc.php?id=BOE-A-1988-29563
X999,1989,Promoción Social,347315133,https://www.boe.es/buscar/doc.php?id=BOE-A-1988-29563
13,1989,Sanidad,1578751911,https://www.boe.es/buscar/doc.php?id=BOE-A-1988-29563
14,1989,Educación,716958633,https://www.boe.es/buscar/doc.php?id=BOE-A-1988-29563
X999,1989,Vivienda y Urbanismo,76017945,https://www.boe.es/buscar/doc.php?id=BOE-A-1988-29563
X999,1989,Bienestar Comunitario,20186284,https://www.boe.es/buscar/doc.php?id=BOE-A-1988-29563
15,1989,Cultura,79067352,https://www.boe.es/buscar/doc.php?id=BOE-A-1988-29563
X999,1989,Otros Servicios Comunitarios y Sociales,29085583,https://www.boe.es/buscar/doc.php?id=BOE-A-1988-29563
X999,1989,Infraestructuras Básicas y Transportes,901735917,https://www.boe.es/buscar/doc.php?id=BOE-A-1988-29563
X999,1989,Comunicaciones,134134131,https://www.boe.es/buscar/doc.php?id=BOE-A-1988-29563
X999,1989,Infraestructuras Agrarias,41790200,https://www.boe.es/buscar/doc.php?id=BOE-A-1988-29563
X999,1989,"Investigación Científica, Técnica y Aplicada",183430879,https://www.boe.es/buscar/doc.php?id=BOE-A-1988-29563
X999,1989,Información Básica y Estadística,22126563,https://www.boe.es/buscar/doc.php?id=BOE-A-1988-29563
X999,1989,Regulación económica,517400233,https://www.boe.es/buscar/doc.php?id=BOE-A-1988-29563
X999,1989,Regulación comercial,31404846,https://www.boe.es/buscar/doc.php?id=BOE-A-1988-29563
X999,1989,Regulación financiera,232366352,https://www.boe.es/buscar/doc.php?id=BOE-A-1988-29563
X999,1989,"Agricultura, Ganadería y Pesca",352019184,https://www.boe.es/buscar/doc.php?id=BOE-A-1988-29563
X999,1989,Industria,127757532,https://www.boe.es/buscar/doc.php?id=BOE-A-1988-29563
X999,1989,Energía,13704324,https://www.boe.es/buscar/doc.php?id=BOE-A-1988-29563
X999,1989,Minería,52053367,https://www.boe.es/buscar/doc.php?id=BOE-A-1988-29563
X999,1989,Turismo,18908054,https://www.boe.es/buscar/doc.php?id=BOE-A-1988-29563
X999,1989,Transferencias a Administraciones Públicas Territoriales,1771325331,https://www.boe.es/buscar/doc.php?id=BOE-A-1988-29563
X999,1989,Relaciones financieras y transferencias a las Comunidades Europeas,323708000,https://www.boe.es/buscar/doc.php?id=BOE-A-1988-29563
X999,1989,Gastos financieros de la Deuda Pública,1119710935,https://www.boe.es/buscar/doc.php?id=BOE-A-1988-29563
X999,1991,Alta Dirección del Estado y del Gobierno,25199103,https://www.boe.es/buscar/doc.php?id=BOE-A-1990-15347
X999,1991,Administración General,35556840,https://www.boe.es/buscar/doc.php?id=BOE-A-1990-15347
X999,1991,Relaciones Exteriores,77682944,https://www.boe.es/buscar/doc.php?id=BOE-A-1990-15347
01,1991,Justicia,173019819,https://www.boe.es/buscar/doc.php?id=BOE-A-1990-15347
X999,1991,Protección y Seguridad Nuclear,4509693,https://www.boe.es/buscar/doc.php?id=BOE-A-1990-15347
02,1991,Defensa,815251592,https://www.boe.es/buscar/doc.php?id=BOE-A-1990-15347
X999,1991,Seguridad y Protección Civil,454084813,https://www.boe.es/buscar/doc.php?id=BOE-A-1990-15347
X999,1991,Seguridad y Protección Social,6585276289,https://www.boe.es/buscar/doc.php?id=BOE-A-1990-15347
X999,1991,Promoción Social,405087903,https://www.boe.es/buscar/doc.php?id=BOE-A-1990-15347
13,1991,Sanidad,1854816521,https://www.boe.es/buscar/doc.php?id=BOE-A-1990-15347
14,1991,Educación,824313421,https://www.boe.es/buscar/doc.php?id=BOE-A-1990-15347
X999,1991,Vivienda y Urbanismo,91903195,https://www.boe.es/buscar/doc.php?id=BOE-A-1990-15347
X999,1991,Bienestar Comunitario,19224768,https://www.boe.es/buscar/doc.php?id=BOE-A-1990-15347
15,1991,Cultura,86018902,https://www.boe.es/buscar/doc.php?id=BOE-A-1990-15347
X999,1991,Otros Servicios Comunitarios y Sociales,27568769,https://www.boe.es/buscar/doc.php?id=BOE-A-1990-15347
X999,1991,Infraestructuras Básicas y Transportes,1091686716,https://www.boe.es/buscar/doc.php?id=BOE-A-1990-15347
X999,1991,Comunicaciones,149506391,https://www.boe.es/buscar/doc.php?id=BOE-A-1990-15347
X999,1991,Infraestructuras Agrarias,59018587,https://www.boe.es/buscar/doc.php?id=BOE-A-1990-15347
X999,1991,"Investigación Científica, Técnica y Aplicada",208252972,https://www.boe.es/buscar/doc.php?id=BOE-A-1990-15347
X999,1991,Información Básica y Estadística,28267054,https://www.boe.es/buscar/doc.php?id=BOE-A-1990-15347
X999,1991,Regulación económica,267661406,https://www.boe.es/buscar/doc.php?id=BOE-A-1990-15347
X999,1991,Regulación comercial,35346608,https://www.boe.es/buscar/doc.php?id=BOE-A-1990-15347
X999,1991,Regulación financiera,364427466,https://www.boe.es/buscar/doc.php?id=BOE-A-1990-15347
X999,1991,"Agricultura, Ganadería y Pesca",378113830,https://www.boe.es/buscar/doc.php?id=BOE-A-1990-15347
X999,1991,Industria,131375203,https://www.boe.es/buscar/doc.php?id=BOE-A-1990-15347
X999,1991,Energía,9550999,https://www.boe.es/buscar/doc.php?id=BOE-A-1990-15347
X999,1991,Minería,60796986,https://www.boe.es/buscar/doc.php?id=BOE-A-1990-15347
X999,1991,Turismo,21670127,https://www.boe.es/buscar/doc.php?id=BOE-A-1990-15347
X999,1991,Transferencias a Administraciones Públicas Territoriales,2008312107,https://www.boe.es/buscar/doc.php?id=BOE-A-1990-15347
X999,1991,Relaciones financieras y transferencias a la CEE,383653000,https://www.boe.es/buscar/doc.php?id=BOE-A-1990-15347
X999,1991,Gastos financieros de la Deuda Pública,1454751452,https://www.boe.es/buscar/doc.php?id=BOE-A-1990-15347
X999,1992,Alta Dirección del Estado y del Gobierno,34027926,https://www.boe.es/buscar/act.php?id=BOE-A-1991-30903
X999,1992,Administración General,40361249,https://www.boe.es/buscar/act.php?id=BOE-A-1991-30903
X999,1992,Relaciones Exteriores,80241965,https://www.boe.es/buscar/act.php?id=BOE-A-1991-30903
01,1992,Justicia,214743814,https://www.boe.es/buscar/act.php?id=BOE-A-1991-30903
X999,1992,Protección y Seguridad Nuclear,4798612,https://www.boe.es/buscar/act.php?id=BOE-A-1991-30903
02,1992,Defensa,722503055,https://www.boe.es/buscar/act.php?id=BOE-A-1991-30903
X999,1992,Seguridad y Protección Civil,519840094,https://www.boe.es/buscar/act.php?id=BOE-A-1991-30903
X999,1992,Seguridad y Protección Social,8495811405,https://www.boe.es/buscar/act.php?id=BOE-A-1991-30903
X999,1992,Promoción Social,399964908,https://www.boe.es/buscar/act.php?id=BOE-A-1991-30903
13,1992,Sanidad,2373175371,https://www.boe.es/buscar/act.php?id=BOE-A-1991-30903
14,1992,Educación,1009002235,https://www.boe.es/buscar/act.php?id=BOE-A-1991-30903
X999,1992,Vivienda y Urbanismo,98954737,https://www.boe.es/buscar/act.php?id=BOE-A-1991-30903
X999,1992,Bienestar Comunitario,18282331,https://www.boe.es/buscar/act.php?id=BOE-A-1991-30903
15,1992,Cultura,84315355,https://www.boe.es/buscar/act.php?id=BOE-A-1991-30903
X999,1992,Otros Servicios Comunitarios y Sociales,12831132,https://www.boe.es/buscar/act.php?id=BOE-A-1991-30903
X999,1992,Infraestructuras Básicas y Transportes,1047956053,https://www.boe.es/buscar/act.php?id=BOE-A-1991-30903
X999,1992,Comunicaciones,165453947,https://www.boe.es/buscar/act.php?id=BOE-A-1991-30903
X999,1992,Infraestructuras Agrarias,44538396,https://www.boe.es/buscar/act.php?id=BOE-A-1991-30903
X999,1992,"Investigación Científica, Técnica y Aplicada",201229247,https://www.boe.es/buscar/act.php?id=BOE-A-1991-30903
X999,1992,Información Básica y Estadística,32279736,https://www.boe.es/buscar/act.php?id=BOE-A-1991-30903
X999,1992,Regulación económica,270209626,https://www.boe.es/buscar/act.php?id=BOE-A-1991-30903
X999,1992,Regulación comercial,88341087,https://www.boe.es/buscar/act.php?id=BOE-A-1991-30903
X999,1992,Regulación financiera,257618830,https://www.boe.es/buscar/act.php?id=BOE-A-1991-30903
X999,1992,"Agricultura, Ganadería y Pesca",494525645,https://www.boe.es/buscar/act.php?id=BOE-A-1991-30903
X999,1992,Industria,151066731,https://www.boe.es/buscar/act.php?id=BOE-A-1991-30903
X999,1992,Energía,9593195,https://www.boe.es/buscar/act.php?id=BOE-A-1991-30903
X999,1992,Minería,57094403,https://www.boe.es/buscar/act.php?id=BOE-A-1991-30903
X999,1992,Turismo,15826000,https://www.boe.es/buscar/act.php?id=BOE-A-1991-30903
X999,1992,Transferencias a Administraciones Públicas Territoriales,2523440253,https://www.boe.es/buscar/act.php?id=BOE-A-1991-30903
X999,1992,Relaciones financieras y transferencias a las Comunidades Europeas,686223000,https://www.boe.es/buscar/act.php?id=BOE-A-1991-30903
X999,1992,Gastos financieros de la Deuda Pública,1940999793,https://www.boe.es/buscar/act.php?id=BOE-A-1991-30903
X999,1993,Alta Dirección del Estado y del Gobierno,32767961,https://www.boe.es/buscar/doc.php?id=BOE-A-1992-28826
X999,1993,Administración General,40011267,https://www.boe.es/buscar/doc.php?id=BOE-A-1992-28826
X999,1993,Relaciones Exteriores,79168097,https://www.boe.es/buscar/doc.php?id=BOE-A-1992-28826
01,1993,Justicia,222110959,https://www.boe.es/buscar/doc.php?id=BOE-A-1992-28826
X999,1993,Protección y Seguridad Nuclear,4558866,https://www.boe.es/buscar/doc.php?id=BOE-A-1992-28826
02,1993,Defensa,716968290,https://www.boe.es/buscar/doc.php?id=BOE-A-1992-28826
X999,1993,Seguridad y Protección Civil,518828033,https://www.boe.es/buscar/doc.php?id=BOE-A-1992-28826
X999,1993,Seguridad y Protección Social,9169874665,https://www.boe.es/buscar/doc.php?id=BOE-A-1992-28826
X999,1993,Promoción Social,335141605,https://www.boe.es/buscar/doc.php?id=BOE-A-1992-28826
13,1993,Sanidad,2939902996,https://www.boe.es/buscar/doc.php?id=BOE-A-1992-28826
14,1993,Educación,1005807681,https://www.boe.es/buscar/doc.php?id=BOE-A-1992-28826
X999,1993,Vivienda y Urbanismo,99258289,https://www.boe.es/buscar/doc.php?id=BOE-A-1992-28826
X999,1993,Bienestar Comunitario,26581535,https://www.boe.es/buscar/doc.php?id=BOE-A-1992-28826
15,1993,Cultura,83834385,https://www.boe.es/buscar/doc.php?id=BOE-A-1992-28826
X999,1993,Otros Servicios Comunitarios y Sociales,22219544,https://www.boe.es/buscar/doc.php?id=BOE-A-1992-28826
X999,1993,Infraestructuras Básicas y Transportes,1013700489,https://www.boe.es/buscar/doc.php?id=BOE-A-1992-28826
X999,1993,Comunicaciones,167201149,https://www.boe.es/buscar/doc.php?id=BOE-A-1992-28826
X999,1993,Infraestructuras Agrarias,46467831,https://www.boe.es/buscar/doc.php?id=BOE-A-1992-28826
X999,1993,"Investigación Científica, Técnica y Aplicada",183738334,https://www.boe.es/buscar/doc.php?id=BOE-A-1992-28826
X999,1993,Información Básica y Estadística,32661104,https://www.boe.es/buscar/doc.php?id=BOE-A-1992-28826
X999,1993,Regulación económica,287074540,https://www.boe.es/buscar/doc.php?id=BOE-A-1992-28826
X999,1993,Regulación comercial,123997434,https://www.boe.es/buscar/doc.php?id=BOE-A-1992-28826
X999,1993,Regulación financiera,122407473,https://www.boe.es/buscar/doc.php?id=BOE-A-1992-28826
X999,1993,"Agricultura, Ganadería y Pesca",681893319,https://www.boe.es/buscar/doc.php?id=BOE-A-1992-28826
X999,1993,Industria,137311540,https://www.boe.es/buscar/doc.php?id=BOE-A-1992-28826
X999,1993,Energía,8701455,https://www.boe.es/buscar/doc.php?id=BOE-A-1992-28826
X999,1993,Minería,60505708,https://www.boe.es/buscar/doc.php?id=BOE-A-1992-28826
X999,1993,Turismo,16364945,https://www.boe.es/buscar/doc.php?id=BOE-A-1992-28826
X999,1993,Transferencias a Administraciones Públicas Territoriales,2927214299,https://www.boe.es/buscar/doc.php?id=BOE-A-1992-28826
X999,1993,Relaciones financieras y transferencias a las Comunidades Europeas,798480000,https://www.boe.es/buscar/doc.php?id=BOE-A-1992-28826
27,1993,Deuda Pública,2341199330,https://www.boe.es/buscar/doc.php?id=BOE-A-1992-28826
X999,1994,Alta Dirección del Estado y del Gobierno,38409418,https://www.boe.es/buscar/doc.php?id=BOE-A-1993-31087
X999,1994,Administración General,35909487,https://www.boe.es/buscar/doc.php?id=BOE-A-1993-31087
X999,1994,Relaciones Exteriores,100816553,https://www.boe.es/buscar/doc.php?id=BOE-A-1993-31087
01,1994,Justicia,234844780,https://www.boe.es/buscar/doc.php?id=BOE-A-1993-31087
X999,1994,Protección y Seguridad Nuclear,4423386,https://www.boe.es/buscar/doc.php?id=BOE-A-1993-31087
02,1994,Defensa,755774020,https://www.boe.es/buscar/doc.php?id=BOE-A-1993-31087
X999,1994,Seguridad y Protección Civil,530138888,https://www.boe.es/buscar/doc.php?id=BOE-A-1993-31087
X999,1994,Seguridad y Protección Social,10482401454,https://www.boe.es/buscar/doc.php?id=BOE-A-1993-31087
X999,1994,Promoción Social,334458918,https://www.boe.es/buscar/doc.php?id=BOE-A-1993-31087
13,1994,Sanidad,3103197948,https://www.boe.es/buscar/doc.php?id=BOE-A-1993-31087
14,1994,Educación,1021856705,https://www.boe.es/buscar/doc.php?id=BOE-A-1993-31087
X999,1994,Vivienda y Urbanismo,106693766,https://www.boe.es/buscar/doc.php?id=BOE-A-1993-31087
X999,1994,Bienestar Comunitario,34701207,https://www.boe.es/buscar/doc.php?id=BOE-A-1993-31087
15,1994,Cultura,119401959,https://www.boe.es/buscar/doc.php?id=BOE-A-1993-31087
X999,1994,Otros Servicios Comunitarios y Sociales,21999931,https://www.boe.es/buscar/doc.php?id=BOE-A-1993-31087
X999,1994,Infraestructuras Básicas y Transportes,1132122688,https://www.boe.es/buscar/doc.php?id=BOE-A-1993-31087
X999,1994,Comunicaciones,189404882,https://www.boe.es/buscar/doc.php?id=BOE-A-1993-31087
X999,1994,Infraestructuras Agrarias,41629968,https://www.boe.es/buscar/doc.php?id=BOE-A-1993-31087
X999,1994,"Investigación Científica, Técnica y Aplicada",186043012,https://www.boe.es/buscar/doc.php?id=BOE-A-1993-31087
X999,1994,Información Básica y Estadística,33019149,https://www.boe.es/buscar/doc.php?id=BOE-A-1993-31087
X999,1994,Regulación económica,323171125,https://www.boe.es/buscar/doc.php?id=BOE-A-1993-31087
X999,1994,Regulación comercial,129962265,https://www.boe.es/buscar/doc.php?id=BOE-A-1993-31087
X999,1994,Regulación financiera,226523816,https://www.boe.es/buscar/doc.php?id=BOE-A-1993-31087
X999,1994,"Agricultura, Ganadería y Pesca",847202245,https://www.boe.es/buscar/doc.php?id=BOE-A-1993-31087
X999,1994,Industria,134183158,https://www.boe.es/buscar/doc.php?id=BOE-A-1993-31087
X999,1994,Energía,8183152,https://www.boe.es/buscar/doc.php?id=BOE-A-1993-31087
X999,1994,Minería,63427508,https://www.boe.es/buscar/doc.php?id=BOE-A-1993-31087
X999,1994,Turismo,16308412,https://www.boe.es/buscar/doc.php?id=BOE-A-1993-31087
X999,1994,Transferencias a Administraciones Públicas Territoriales,3170320754,https://www.boe.es/buscar/doc.php?id=BOE-A-1993-31087
X999,1994,Relaciones financieras con Comunidades Europeas,937934000,https://www.boe.es/buscar/doc.php?id=BOE-A-1993-31087
27,1994,Deuda Pública,2860972000,https://www.boe.es/buscar/doc.php?id=BOE-A-1993-31087
X999,1995,Alta Dirección del Estado y del Gobierno,42685737,https://www.boe.es/buscar/doc.php?id=BOE-A-1994-28967
X999,1995,Administración General,46256726,https://www.boe.es/buscar/doc.php?id=BOE-A-1994-28967
X999,1995,Relaciones Exteriores,114347074,https://www.boe.es/buscar/doc.php?id=BOE-A-1994-28967
01,1995,Justicia,245890719,https://www.boe.es/buscar/doc.php?id=BOE-A-1994-28967
X999,1995,Protección y Seguridad Nuclear,4481692,https://www.boe.es/buscar/doc.php?id=BOE-A-1994-28967
02,1995,Defensa,808174424,https://www.boe.es/buscar/doc.php?id=BOE-A-1994-28967
X999,1995,Seguridad y Protección Civil,552620995,https://www.boe.es/buscar/doc.php?id=BOE-A-1994-28967
X999,1995,Seguridad y Protección Social,11167265782,https://www.boe.es/buscar/doc.php?id=BOE-A-1994-28967
X999,1995,Promoción Social,361720668,https://www.boe.es/buscar/doc.php?id=BOE-A-1994-28967
13,1995,Sanidad,3331469795,https://www.boe.es/buscar/doc.php?id=BOE-A-1994-28967
14,1995,Educación,1089195927,https://www.boe.es/buscar/doc.php?id=BOE-A-1994-28967
X999,1995,Vivienda y Urbanismo,113603304,https://www.boe.es/buscar/doc.php?id=BOE-A-1994-28967
X999,1995,Bienestar Comunitario,34689302,https://www.boe.es/buscar/doc.php?id=BOE-A-1994-28967
15,1995,Cultura,127792780,https://www.boe.es/buscar/doc.php?id=BOE-A-1994-28967
X999,1995,Otros Servicios Comunitarios y Sociales,22289518,https://www.boe.es/buscar/doc.php?id=BOE-A-1994-28967
X999,1995,Infraestructuras Básicas y Transportes,1176369920,https://www.boe.es/buscar/doc.php?id=BOE-A-1994-28967
X999,1995,Comunicaciones,185636646,https://www.boe.es/buscar/doc.php?id=BOE-A-1994-28967
X999,1995,Infraestructuras Agrarias,45937807,https://www.boe.es/buscar/doc.php?id=BOE-A-1994-28967
X999,1995,"Investigación Científica, Técnica y Aplicada",207031559,https://www.boe.es/buscar/doc.php?id=BOE-A-1994-28967
X999,1995,Información Básica y Estadística,33285093,https://www.boe.es/buscar/doc.php?id=BOE-A-1994-28967
X999,1995,Regulación económica,330705270,https://www.boe.es/buscar/doc.php?id=BOE-A-1994-28967
X999,1995,Regulación financiera,308882522,https://www.boe.es/buscar/doc.php?id=BOE-A-1994-28967
X999,1995,"Agricultura, Ganadería y Pesca",1022439390,https://www.boe.es/buscar/doc.php?id=BOE-A-1994-28967
X999,1995,Industria,125151491,https://www.boe.es/buscar/doc.php?id=BOE-A-1994-28967
X999,1995,Energía,8123248,https://www.boe.es/buscar/doc.php?id=BOE-A-1994-28967
X999,1995,Minería,62548104,https://www.boe.es/buscar/doc.php?id=BOE-A-1994-28967
X999,1995,Turismo,16621225,https://www.boe.es/buscar/doc.php?id=BOE-A-1994-28967
X999,1995,Comercio,133900237,https://www.boe.es/buscar/doc.php?id=BOE-A-1994-28967
X999,1995,Transferencias a Administraciones Públicas Territoriales,3273534579,https://www.boe.es/buscar/doc.php?id=BOE-A-1994-28967
X999,1995,Relaciones financieras con las Comunidades Europeas,856997000,https://www.boe.es/buscar/doc.php?id=BOE-A-1994-28967
27,1995,Deuda Pública,2921044000,https://www.boe.es/buscar/doc.php?id=BOE-A-1994-28967
X999,1997,Alta Dirección del Estado y del Gobierno,41608841,https://www.boe.es/buscar/act.php?id=BOE-A-1996-29116
X999,1997,Administración General,32519250,https://www.boe.es/buscar/act.php?id=BOE-A-1996-29116
X999,1997,Relaciones Exteriores,124343293,https://www.boe.es/buscar/act.php?id=BOE-A-1996-29116
01,1997,Justicia,228516517,https://www.boe.es/buscar/act.php?id=BOE-A-1996-29116
X999,1997,Protección y Seguridad Nuclear,4642730,https://www.boe.es/buscar/act.php?id=BOE-A-1996-29116
02,1997,Defensa,817085315,https://www.boe.es/buscar/act.php?id=BOE-A-1996-29116
X999,1997,Seguridad y Protección Civil,575741536,https://www.boe.es/buscar/act.php?id=BOE-A-1996-29116
X999,1997,Seguridad y Protección Social,11677696298,https://www.boe.es/buscar/act.php?id=BOE-A-1996-29116
X999,1997,Promoción Social,374791486,https://www.boe.es/buscar/act.php?id=BOE-A-1996-29116
13,1997,Sanidad,3656842863,https://www.boe.es/buscar/act.php?id=BOE-A-1996-29116
14,1997,Educación,971625614,https://www.boe.es/buscar/act.php?id=BOE-A-1996-29116
X999,1997,Vivienda y Urbanismo,112946962,https://www.boe.es/buscar/act.php?id=BOE-A-1996-29116
X999,1997,Bienestar Comunitario,35664928,https://www.boe.es/buscar/act.php?id=BOE-A-1996-29116
15,1997,Cultura,99479170,https://www.boe.es/buscar/act.php?id=BOE-A-1996-29116
X999,1997,Otros Servicios Comunitarios y Sociales,10881528,https://www.boe.es/buscar/act.php?id=BOE-A-1996-29116
X999,1997,Infraestructuras Básicas y Transportes,1079406451,https://www.boe.es/buscar/act.php?id=BOE-A-1996-29116
X999,1997,Comunicaciones,170995991,https://www.boe.es/buscar/act.php?id=BOE-A-1996-29116
X999,1997,Infraestructuras Agrarias,36097394,https://www.boe.es/buscar/act.php?id=BOE-A-1996-29116
X999,1997,"Investigación Científica, Técnica y Aplicada",235487666,https://www.boe.es/buscar/act.php?id=BOE-A-1996-29116
X999,1997,Información Básica y Estadística,31162708,https://www.boe.es/buscar/act.php?id=BOE-A-1996-29116
X999,1997,Regulación económica,275682897,https://www.boe.es/buscar/act.php?id=BOE-A-1996-29116
X999,1997,Regulación financiera,249353792,https://www.boe.es/buscar/act.php?id=BOE-A-1996-29116
X999,1997,"Agricultura, Ganadería y Pesca",1055224179,https://www.boe.es/buscar/act.php?id=BOE-A-1996-29116
X999,1997,Industria,119111803,https://www.boe.es/buscar/act.php?id=BOE-A-1996-29116
X999,1997,Energía,6285861,https://www.boe.es/buscar/act.php?id=BOE-A-1996-29116
X999,1997,Minería,6949803,https://www.boe.es/buscar/act.php?id=BOE-A-1996-29116
X999,1997,Turismo,15120048,https://www.boe.es/buscar/act.php?id=BOE-A-1996-29116
X999,1997,Comercio,123907792,https://www.boe.es/buscar/act.php?id=BOE-A-1996-29116
X999,1997,Transferencias a Administraciones Públicas Territoriales,3898331091,https://www.boe.es/buscar/act.php?id=BOE-A-1996-29116
X999,1997,Relaciones financieras con la Unión Europea,937478700,https://www.boe.es/buscar/act.php?id=BOE-A-1996-29116
27,1997,Deuda Pública,3459320962,https://www.boe.es/buscar/act.php?id=BOE-A-1996-29116
X999,1998,Alta Dirección del Estado y del Gobierno,43613619,https://www.boe.es/buscar/doc.php?id=BOE-A-1997-28052
X999,1998,Administración General,56762223,https://www.boe.es/buscar/doc.php?id=BOE-A-1997-28052
X999,1998,Relaciones Exteriores,137383709,https://www.boe.es/buscar/doc.php?id=BOE-A-1997-28052
01,1998,Justicia,211801630,https://www.boe.es/buscar/doc.php?id=BOE-A-1997-28052
X999,1998,Protección y Seguridad Nuclear,5145966,https://www.boe.es/buscar/doc.php?id=BOE-A-1997-28052
02,1998,Defensa,840623915,https://www.boe.es/buscar/doc.php?id=BOE-A-1997-28052
X999,1998,Seguridad y Protección Civil,591454981,https://www.boe.es/buscar/doc.php?id=BOE-A-1997-28052
X999,1998,Seguridad y Protección Social,12128523710,https://www.boe.es/buscar/doc.php?id=BOE-A-1997-28052
X999,1998,Promoción Social,477447052,https://www.boe.es/buscar/doc.php?id=BOE-A-1997-28052
13,1998,Sanidad,3905326888,https://www.boe.es/buscar/doc.php?id=BOE-A-1997-28052
14,1998,Educación,1027763786,https://www.boe.es/buscar/doc.php?id=BOE-A-1997-28052
X999,1998,Vivienda y Urbanismo,113740422,https://www.boe.es/buscar/doc.php?id=BOE-A-1997-28052
X999,1998,Bienestar Comunitario,52230260,https://www.boe.es/buscar/doc.php?id=BOE-A-1997-28052
15,1998,Cultura,102164749,https://www.boe.es/buscar/doc.php?id=BOE-A-1997-28052
X999,1998,Otros Servicios Comunitarios y Sociales,10139879,https://www.boe.es/buscar/doc.php?id=BOE-A-1997-28052
X999,1998,Infraestructuras Básicas y Transportes,1140897001,https://www.boe.es/buscar/doc.php?id=BOE-A-1997-28052
X999,1998,Comunicaciones,43930205,https://www.boe.es/buscar/doc.php?id=BOE-A-1997-28052
X999,1998,Infraestructuras Agrarias,37978663,https://www.boe.es/buscar/doc.php?id=BOE-A-1997-28052
X999,1998,"Investigación Científica, Técnica y Aplicada",313687025,https://www.boe.es/buscar/doc.php?id=BOE-A-1997-28052
X999,1998,Información Básica y Estadística,33847753,https://www.boe.es/buscar/doc.php?id=BOE-A-1997-28052
X999,1998,Regulación Económica,290364357,https://www.boe.es/buscar/doc.php?id=BOE-A-1997-28052
X999,1998,Regulación Financiera,266377727,https://www.boe.es/buscar/doc.php?id=BOE-A-1997-28052
X999,1998,"Agricultura, Ganadería y Pesca",1072108413,https://www.boe.es/buscar/doc.php?id=BOE-A-1997-28052
X999,1998,Industria,106340533,https://www.boe.es/buscar/doc.php?id=BOE-A-1997-28052
X999,1998,Energía,6320110,https://www.boe.es/buscar/doc.php?id=BOE-A-1997-28052
X999,1998,Minería,151735056,https://www.boe.es/buscar/doc.php?id=BOE-A-1997-28052
X999,1998,Turismo,15223762,https://www.boe.es/buscar/doc.php?id=BOE-A-1997-28052
X999,1998,Comercio,147343973,https://www.boe.es/buscar/doc.php?id=BOE-A-1997-28052
X999,1998,Transferencias a Administraciones Públicas Territoriales,3508266687,https://www.boe.es/buscar/doc.php?id=BOE-A-1997-28052
X999,1998,Relaciones Financieras con la Unión Europea,952215000,https://www.boe.es/buscar/doc.php?id=BOE-A-1997-28052
27,1998,Deuda Pública,3189757283,https://www.boe.es/buscar/doc.php?id=BOE-A-1997-28052
X999,1999,Alta Dirección del Estado y del Gobierno,46402471,https://www.boe.es/buscar/doc.php?id=BOE-A-1998-30154
X999,1999,Administración General,69363625,https://www.boe.es/buscar/doc.php?id=BOE-A-1998-30154
X999,1999,Relaciones Exteriores,146306781,https://www.boe.es/buscar/doc.php?id=BOE-A-1998-30154
01,1999,Justicia,231115561,https://www.boe.es/buscar/doc.php?id=BOE-A-1998-30154
X999,1999,Protección y Seguridad Nuclear,5207857,https://www.boe.es/buscar/doc.php?id=BOE-A-1998-30154
02,1999,Defensa,873434376,https://www.boe.es/buscar/doc.php?id=BOE-A-1998-30154
X999,1999,Seguridad y Protección Civil,618079093,https://www.boe.es/buscar/doc.php?id=BOE-A-1998-30154
X999,1999,Seguridad y Protección Social,12333678177,https://www.boe.es/buscar/doc.php?id=BOE-A-1998-30154
X999,1999,Promoción Social,745240918,https://www.boe.es/buscar/doc.php?id=BOE-A-1998-30154
13,1999,Sanidad,4122824600,https://www.boe.es/buscar/doc.php?id=BOE-A-1998-30154
14,1999,Educación,998483796,https://www.boe.es/buscar/doc.php?id=BOE-A-1998-30154
X999,1999,Vivienda y Urbanismo,112655720,https://www.boe.es/buscar/doc.php?id=BOE-A-1998-30154
X999,1999,Bienestar Comunitario,58858044,https://www.boe.es/buscar/doc.php?id=BOE-A-1998-30154
15,1999,Cultura,104973950,https://www.boe.es/buscar/doc.php?id=BOE-A-1998-30154
X999,1999,Otros Servicios Comunitarios y Sociales,30621409,https://www.boe.es/buscar/doc.php?id=BOE-A-1998-30154
X999,1999,Infraestructuras Básicas y Transportes,1234894669,https://www.boe.es/buscar/doc.php?id=BOE-A-1998-30154
X999,1999,Comunicaciones,33742067,https://www.boe.es/buscar/doc.php?id=BOE-A-1998-30154
X999,1999,Infraestructuras Agrarias,68731731,https://www.boe.es/buscar/doc.php?id=BOE-A-1998-30154
X999,1999,"Investigación Científica, Técnica y Aplicada",460002572,https://www.boe.es/buscar/doc.php?id=BOE-A-1998-30154
X999,1999,Información Básica y Estadística,41260144,https://www.boe.es/buscar/doc.php?id=BOE-A-1998-30154
X999,1999,Regulación económica,299386798,https://www.boe.es/buscar/doc.php?id=BOE-A-1998-30154
X999,1999,Regulación financiera,270579743,https://www.boe.es/buscar/doc.php?id=BOE-A-1998-30154
X999,1999,"Agricultura, Ganadería y Pesca",1086434186,https://www.boe.es/buscar/doc.php?id=BOE-A-1998-30154
X999,1999,Industria,132901475,https://www.boe.es/buscar/doc.php?id=BOE-A-1998-30154
X999,1999,Energía,6209356,https://www.boe.es/buscar/doc.php?id=BOE-A-1998-30154
X999,1999,Minería,151770175,https://www.boe.es/buscar/doc.php?id=BOE-A-1998-30154
X999,1999,Turismo,16602633,https://www.boe.es/buscar/doc.php?id=BOE-A-1998-30154
X999,1999,Comercio,138938007,https://www.boe.es/buscar/doc.php?id=BOE-A-1998-30154
X999,1999,Transferencias a Administraciones Públicas Territoriales,3787237175,https://www.boe.es/buscar/doc.php?id=BOE-A-1998-30154
X999,1999,Relaciones financieras con la Unión Europea,1029587900,https://www.boe.es/buscar/doc.php?id=BOE-A-1998-30154
27,1999,Deuda Pública,3041000000,https://www.boe.es/buscar/doc.php?id=BOE-A-1998-30154
X999,2000,Alta Dirección del Estado y del Gobierno,48779819,https://www.boe.es/buscar/doc.php?id=BOE-A-1999-24785
X999,2000,Administración General,72511891,https://www.boe.es/buscar/doc.php?id=BOE-A-1999-24785
X999,2000,Relaciones Exteriores,146999043,https://www.boe.es/buscar/doc.php?id=BOE-A-1999-24785
01,2000,Justicia,250005065,https://www.boe.es/buscar/doc.php?id=BOE-A-1999-24785
X999,2000,Protección y Seguridad Nuclear,5472782,https://www.boe.es/buscar/doc.php?id=BOE-A-1999-24785
02,2000,Defensa,929805691,https://www.boe.es/buscar/doc.php?id=BOE-A-1999-24785
X999,2000,Seguridad y Protección Civil,647905141,https://www.boe.es/buscar/doc.php?id=BOE-A-1999-24785
X999,2000,Seguridad y Protección Social,12675940686,https://www.boe.es/buscar/doc.php?id=BOE-A-1999-24785
X999,2000,Promoción Social,813102199,https://www.boe.es/buscar/doc.php?id=BOE-A-1999-24785
13,2000,Sanidad,4454317151,https://www.boe.es/buscar/doc.php?id=BOE-A-1999-24785
14,2000,Educación,507363578,https://www.boe.es/buscar/doc.php?id=BOE-A-1999-24785
X999,2000,Vivienda y Urbanismo,109540426,https://www.boe.es/buscar/doc.php?id=BOE-A-1999-24785
X999,2000,Bienestar Comunitario,66309572,https://www.boe.es/buscar/doc.php?id=BOE-A-1999-24785
15,2000,Cultura,127022264,https://www.boe.es/buscar/doc.php?id=BOE-A-1999-24785
X999,2000,Otros Servicios Comunitarios y Sociales,30295637,https://www.boe.es/buscar/doc.php?id=BOE-A-1999-24785
X999,2000,Infraestructuras Básicas y Transportes,1298069461,https://www.boe.es/buscar/doc.php?id=BOE-A-1999-24785
X999,2000,Comunicaciones,29559253,https://www.boe.es/buscar/doc.php?id=BOE-A-1999-24785
X999,2000,Infraestructuras Agrarias,71205007,https://www.boe.es/buscar/doc.php?id=BOE-A-1999-24785
X999,2000,"Investigación Científica, Técnica y Aplicada",507180588,https://www.boe.es/buscar/doc.php?id=BOE-A-1999-24785
X999,2000,Información Básica y Estadística,45153140,https://www.boe.es/buscar/doc.php?id=BOE-A-1999-24785
X999,2000,Regulación Económica,303266795,https://www.boe.es/buscar/doc.php?id=BOE-A-1999-24785
X999,2000,Regulación Financiera,311095156,https://www.boe.es/buscar/doc.php?id=BOE-A-1999-24785
X999,2000,"Agricultura, Ganadería y Pesca",1149173483,https://www.boe.es/buscar/doc.php?id=BOE-A-1999-24785
X999,2000,Industria,152677713,https://www.boe.es/buscar/doc.php?id=BOE-A-1999-24785
X999,2000,Energía,6995999,https://www.boe.es/buscar/doc.php?id=BOE-A-1999-24785
X999,2000,Minería,165739016,https://www.boe.es/buscar/doc.php?id=BOE-A-1999-24785
X999,2000,Turismo,17192947,https://www.boe.es/buscar/doc.php?id=BOE-A-1999-24785
X999,2000,Comercio,149143978,https://www.boe.es/buscar/doc.php?id=BOE-A-1999-24785
X999,2000,Transferencias a Administraciones Públicas Territoriales,4630943394,https://www.boe.es/buscar/doc.php?id=BOE-A-1999-24785
X999,2000,Relaciones financieras con la Unión Europea,1133214200,https://www.boe.es/buscar/doc.php?id=BOE-A-1999-24785
27,2000,Deuda Pública,2805000000,https://www.boe.es/buscar/doc.php?id=BOE-A-1999-24785
X999,2002,Alta Dirección del Estado y del Gobierno,361209.24,https://www.boe.es/buscar/doc.php?id=BOE-A-2001-24964
X999,2002,Administración General,478258.46,https://www.boe.es/buscar/doc.php?id=BOE-A-2001-24964
X999,2002,Relaciones Exteriores,946086.05,https://www.boe.es/buscar/doc.php?id=BOE-A-2001-24964
01,2002,Justicia,1110662.58,https://www.boe.es/buscar/doc.php?id=BOE-A-2001-24964
X999,2002,Protección y Seguridad Nuclear,36049.83,https://www.boe.es/buscar/doc.php?id=BOE-A-2001-24964
02,2002,Defensa,6158460.48,https://www.boe.es/buscar/doc.php?id=BOE-A-2001-24964
X999,2002,Seguridad y Protección Civil,5045230.33,https://www.boe.es/buscar/doc.php?id=BOE-A-2001-24964
X999,2002,Seguridad y Protección Social,88949259.86,https://www.boe.es/buscar/doc.php?id=BOE-A-2001-24964
X999,2002,Promoción Social,5235419.41,https://www.boe.es/buscar/doc.php?id=BOE-A-2001-24964
13,2002,Sanidad,13870669.48,https://www.boe.es/buscar/doc.php?id=BOE-A-2001-24964
14,2002,Educación,1670423.60,https://www.boe.es/buscar/doc.php?id=BOE-A-2001-24964
X999,2002,Vivienda y Urbanismo,657350.47,https://www.boe.es/buscar/doc.php?id=BOE-A-2001-24964
X999,2002,Bienestar Comunitario,437382.28,https://www.boe.es/buscar/doc.php?id=BOE-A-2001-24964
15,2002,Cultura,769809.55,https://www.boe.es/buscar/doc.php?id=BOE-A-2001-24964
X999,2002,Otros Servicios Comunitarios y Sociales,58411.08,https://www.boe.es/buscar/doc.php?id=BOE-A-2001-24964
X999,2002,Infraestructuras Básicas y Transportes,8924906.52,https://www.boe.es/buscar/doc.php?id=BOE-A-2001-24964
X999,2002,Comunicaciones,226310.68,https://www.boe.es/buscar/doc.php?id=BOE-A-2001-24964
X999,2002,Infraestructuras Agrarias,424527.20,https://www.boe.es/buscar/doc.php?id=BOE-A-2001-24964
X999,2002,"Investigación Científica, Técnica y Aplicada",3791953.89,https://www.boe.es/buscar/doc.php?id=BOE-A-2001-24964
X999,2002,Información Básica y Estadística,322260.63,https://www.boe.es/buscar/doc.php?id=BOE-A-2001-24964
X999,2002,Regulación económica,2506056.25,https://www.boe.es/buscar/doc.php?id=BOE-A-2001-24964
X999,2002,Regulación financiera,2114853.26,https://www.boe.es/buscar/doc.php?id=BOE-A-2001-24964
16,2002,"Agricultura, Pesca y Alimentación",7509145.63,https://www.boe.es/buscar/doc.php?id=BOE-A-2001-24964
X999,2002,Industria,723295.07,https://www.boe.es/buscar/doc.php?id=BOE-A-2001-24964
X999,2002,Energía,26422.75,https://www.boe.es/buscar/doc.php?id=BOE-A-2001-24964
X999,2002,Minería,1126748.25,https://www.boe.es/buscar/doc.php?id=BOE-A-2001-24964
X999,2002,Turismo,128707.86,https://www.boe.es/buscar/doc.php?id=BOE-A-2001-24964
X999,2002,Comercio,969828.68,https://www.boe.es/buscar/doc.php?id=BOE-A-2001-24964
X999,2002,Transferencias a Admones. Públicas Territoriales,33812200.13,https://www.boe.es/buscar/doc.php?id=BOE-A-2001-24964
X999,2002,Relaciones financieras con la Unión Europea,8086546.69,https://www.boe.es/buscar/doc.php?id=BOE-A-2001-24964
27,2002,Deuda Pública,17729857.08,https://www.boe.es/buscar/doc.php?id=BOE-A-2001-24964
X999,2003,Alta Dirección del Estado y del Gobierno,468861.75,https://www.boe.es/buscar/act.php?id=BOE-A-2002-25411
X999,2003,Administración General,494440.63,https://www.boe.es/buscar/act.php?id=BOE-A-2002-25411
X999,2003,Relaciones Exteriores,1001098.12,https://www.boe.es/buscar/act.php?id=BOE-A-2002-25411
01,2003,Justicia,1117585.84,https://www.boe.es/buscar/act.php?id=BOE-A-2002-25411
X999,2003,Protección y Seguridad Nuclear,42841.39,https://www.boe.es/buscar/act.php?id=BOE-A-2002-25411
02,2003,Defensa,6212765.83,https://www.boe.es/buscar/act.php?id=BOE-A-2002-25411
X999,2003,Seguridad y Protección Civil,5419350.37,https://www.boe.es/buscar/act.php?id=BOE-A-2002-25411
X999,2003,Seguridad y Protección Social,91215550.31,https://www.boe.es/buscar/act.php?id=BOE-A-2002-25411
X999,2003,Promoción Social,5411443.45,https://www.boe.es/buscar/act.php?id=BOE-A-2002-25411
13,2003,Sanidad,3369524.55,https://www.boe.es/buscar/act.php?id=BOE-A-2002-25411
14,2003,Educación,1498263.34,https://www.boe.es/buscar/act.php?id=BOE-A-2002-25411
X999,2003,Vivienda y Urbanismo,645609.37,https://www.boe.es/buscar/act.php?id=BOE-A-2002-25411
X999,2003,Bienestar Comunitario,512967.38,https://www.boe.es/buscar/act.php?id=BOE-A-2002-25411
15,2003,Cultura,816644.12,https://www.boe.es/buscar/act.php?id=BOE-A-2002-25411
X999,2003,Otros Servicios Comunitarios y Sociales,193452.21,https://www.boe.es/buscar/act.php?id=BOE-A-2002-25411
X999,2003,Infraestructuras Básicas y Transportes,7778039.64,https://www.boe.es/buscar/act.php?id=BOE-A-2002-25411
X999,2003,Comunicaciones,165777.61,https://www.boe.es/buscar/act.php?id=BOE-A-2002-25411
X999,2003,Infraestructuras Agrarias,353989.54,https://www.boe.es/buscar/act.php?id=BOE-A-2002-25411
X999,2003,"Investigación Científica, Técnica y Aplicada",1952395.54,https://www.boe.es/buscar/act.php?id=BOE-A-2002-25411
X999,2003,Información Básica y Estadística,318063.86,https://www.boe.es/buscar/act.php?id=BOE-A-2002-25411
X999,2003,Regulación económica,2394548.13,https://www.boe.es/buscar/act.php?id=BOE-A-2002-25411
X999,2003,Regulación financiera,4129983.72,https://www.boe.es/buscar/act.php?id=BOE-A-2002-25411
16,2003,"Agricultura, Pesca y Alimentación",7932343.04,https://www.boe.es/buscar/act.php?id=BOE-A-2002-25411
X999,2003,Industria,684633.09,https://www.boe.es/buscar/act.php?id=BOE-A-2002-25411
X999,2003,Energía,43344.27,https://www.boe.es/buscar/act.php?id=BOE-A-2002-25411
X999,2003,Minería,1226031.59,https://www.boe.es/buscar/act.php?id=BOE-A-2002-25411
X999,2003,Turismo,133545.20,https://www.boe.es/buscar/act.php?id=BOE-A-2002-25411
X999,2003,Comercio,313957.03,https://www.boe.es/buscar/act.php?id=BOE-A-2002-25411
X999,2003,Transferencias a Admones. Públicas Territoriales,37539363.61,https://www.boe.es/buscar/act.php?id=BOE-A-2002-25411
X999,2003,Relaciones financieras con la Unión Europea,8496651.01,https://www.boe.es/buscar/act.php?id=BOE-A-2002-25411
27,2003,Deuda Pública,19632006.41,https://www.boe.es/buscar/act.php?id=BOE-A-2002-25411
X999,2004,Alta Dirección del Estado y del Gobierno,508769.87,https://www.boe.es/buscar/act.php?id=BOE-A-2003-23935
X999,2004,Administración General,540031.24,https://www.boe.es/buscar/act.php?id=BOE-A-2003-23935
X999,2004,Relaciones Exteriores,1032598.73,https://www.boe.es/buscar/act.php?id=BOE-A-2003-23935
01,2004,Justicia,1095204.12,https://www.boe.es/buscar/act.php?id=BOE-A-2003-23935
X999,2004,Protección y Seguridad Nuclear,48182.72,https://www.boe.es/buscar/act.php?id=BOE-A-2003-23935
02,2004,Defensa,6495875.59,https://www.boe.es/buscar/act.php?id=BOE-A-2003-23935
X999,2004,Seguridad y Protección Civil,5746070.95,https://www.boe.es/buscar/act.php?id=BOE-A-2003-23935
X999,2004,Seguridad y Protección Social,97429081.00,https://www.boe.es/buscar/act.php?id=BOE-A-2003-23935
X999,2004,Promoción Social,5884239.30,https://www.boe.es/buscar/act.php?id=BOE-A-2003-23935
13,2004,Sanidad,3571836.35,https://www.boe.es/buscar/act.php?id=BOE-A-2003-23935
14,2004,Educación,1545888.26,https://www.boe.es/buscar/act.php?id=BOE-A-2003-23935
X999,2004,Vivienda y Urbanismo,661543.28,https://www.boe.es/buscar/act.php?id=BOE-A-2003-23935
X999,2004,Bienestar Comunitario,559868.17,https://www.boe.es/buscar/act.php?id=BOE-A-2003-23935
15,2004,Cultura,852943.42,https://www.boe.es/buscar/act.php?id=BOE-A-2003-23935
X999,2004,Otros Servicios Comunitarios y Sociales ,333000.07,https://www.boe.es/buscar/act.php?id=BOE-A-2003-23935
X999,2004,Infraestructuras Básicas y Transportes ,8328254.85,https://www.boe.es/buscar/act.php?id=BOE-A-2003-23935
X999,2004,Comunicaciones,125534.45,https://www.boe.es/buscar/act.php?id=BOE-A-2003-23935
X999,2004,Infraestructuras Agrarias,376518.56,https://www.boe.es/buscar/act.php?id=BOE-A-2003-23935
X999,2004,"Investigación Científica, Técnica y Aplicada",2144477.03,https://www.boe.es/buscar/act.php?id=BOE-A-2003-23935
X999,2004,Información Básica y Estadística,330968.81,https://www.boe.es/buscar/act.php?id=BOE-A-2003-23935
X999,2004,Regulación económica,2164016.95,https://www.boe.es/buscar/act.php?id=BOE-A-2003-23935
X999,2004,Regulación financiera,4328490.92,https://www.boe.es/buscar/act.php?id=BOE-A-2003-23935
16,2004,"Agricultura, Pesca y Alimentación",7978813.97,https://www.boe.es/buscar/act.php?id=BOE-A-2003-23935
X999,2004,Industria,632281.97,https://www.boe.es/buscar/act.php?id=BOE-A-2003-23935
X999,2004,Energía,59702.70,https://www.boe.es/buscar/act.php?id=BOE-A-2003-23935
X999,2004,Minería,1244072.91,https://www.boe.es/buscar/act.php?id=BOE-A-2003-23935
X999,2004,Turismo,140449.44,https://www.boe.es/buscar/act.php?id=BOE-A-2003-23935
X999,2004,Comercio,325902.10,https://www.boe.es/buscar/act.php?id=BOE-A-2003-23935
X999,2004,Transferencias a Administraciones Públicas Territoriales,37754023.91,https://www.boe.es/buscar/act.php?id=BOE-A-2003-23935
X999,2004,Relaciones financieras con la Unión Europea,9275141.01,https://www.boe.es/buscar/act.php?id=BOE-A-2003-23935
27,2004,Deuda Pública,19003632.52,https://www.boe.es/buscar/act.php?id=BOE-A-2003-23935
01,2005,Justicia,1184325.04,https://www.boe.es/buscar/doc.php?id=BOE-A-2004-21688
02,2005,Defensa,6757574.84,https://www.boe.es/buscar/doc.php?id=BOE-A-2004-21688
03,2005,Seguridad ciudadana e instituciones penitenciarias,6492830.98,https://www.boe.es/buscar/doc.php?id=BOE-A-2004-21688
X999,2005,Política exterior,1155812.71,https://www.boe.es/buscar/doc.php?id=BOE-A-2004-21688
05,2005,Pensiones,79221280.47,https://www.boe.es/buscar/doc.php?id=BOE-A-2004-21688
06,2005,Otras prestaciones económicas,10656226.06,https://www.boe.es/buscar/doc.php?id=BOE-A-2004-21688
07,2005,Servicios sociales y promoción social,1378114.97,https://www.boe.es/buscar/doc.php?id=BOE-A-2004-21688
08,2005,Fomento del empleo,6237563.73,https://www.boe.es/buscar/doc.php?id=BOE-A-2004-21688
09,2005,Desempleo,12688219.52,https://www.boe.es/buscar/doc.php?id=BOE-A-2004-21688
10,2005,Acceso a la vivienda y fomento de la edificación,878321.15,https://www.boe.es/buscar/doc.php?id=BOE-A-2004-21688
X999,2005,Gestión y administración de la Seguridad Social,7984071.49,https://www.boe.es/buscar/doc.php?id=BOE-A-2004-21688
13,2005,Sanidad,3648407.03,https://www.boe.es/buscar/doc.php?id=BOE-A-2004-21688
14,2005,Educación,1619543.43,https://www.boe.es/buscar/doc.php?id=BOE-A-2004-21688
15,2005,Cultura,936312.99,https://www.boe.es/buscar/doc.php?id=BOE-A-2004-21688
16,2005,"Agricultura, pesca y alimentación",8296653.82,https://www.boe.es/buscar/doc.php?id=BOE-A-2004-21688
17,2005,Industria y energía,1764826.63,https://www.boe.es/buscar/doc.php?id=BOE-A-2004-21688
18,2005,"Comercio, Turismo y PYMES",1198091.27,https://www.boe.es/buscar/doc.php?id=BOE-A-2004-21688
19,2005,Subvenciones al transporte,1309265.26,https://www.boe.es/buscar/doc.php?id=BOE-A-2004-21688
X999,2005,Infraestructuras,11419778.78,https://www.boe.es/buscar/doc.php?id=BOE-A-2004-21688
X999,2005,"Investigación, desarrollo e innovación",5018113.39,https://www.boe.es/buscar/doc.php?id=BOE-A-2004-21688
22,2005,Otras actuaciones de carácter económico,803783.01,https://www.boe.es/buscar/doc.php?id=BOE-A-2004-21688
X999,2005,Alta dirección,588462.16,https://www.boe.es/buscar/doc.php?id=BOE-A-2004-21688
24,2005,Servicios de carácter general,6712226.26,https://www.boe.es/buscar/doc.php?id=BOE-A-2004-21688
25,2005,Administración financiera y tributaria,1424566.14,https://www.boe.es/buscar/doc.php?id=BOE-A-2004-21688
26,2005,Transferencias a otras Administraciones Públicas,50891458.86,https://www.boe.es/buscar/doc.php?id=BOE-A-2004-21688
27,2005,Deuda Pública,19272000.00,https://www.boe.es/buscar/doc.php?id=BOE-A-2004-21688
01,2006,Justicia,1332646.49,https://www.boe.es/buscar/act.php?id=BOE-A-2005-21525
02,2006,Defensa,7123361.75,https://www.boe.es/buscar/act.php?id=BOE-A-2005-21525
03,2006,Seguridad ciudadana e instituciones penitenciarias,7266837.21,https://www.boe.es/buscar/act.php?id=BOE-A-2005-21525
X999,2006,Política exterior,1437310.22,https://www.boe.es/buscar/act.php?id=BOE-A-2005-21525
05,2006,Pensiones,84681586.35,https://www.boe.es/buscar/act.php?id=BOE-A-2005-21525
06,2006,Otras prestaciones económicas,11972106.00,https://www.boe.es/buscar/act.php?id=BOE-A-2005-21525
07,2006,Servicios sociales y promoción social,1650464.39,https://www.boe.es/buscar/act.php?id=BOE-A-2005-21525
08,2006,Fomento del empleo,6527153.36,https://www.boe.es/buscar/act.php?id=BOE-A-2005-21525
09,2006,Desempleo,13578339.59,https://www.boe.es/buscar/act.php?id=BOE-A-2005-21525
10,2006,Acceso a la vivienda y fomento de la edificación,1079371.87,https://www.boe.es/buscar/act.php?id=BOE-A-2005-21525
X999,2006,Gestión y administración de la Seguridad Social,9199547.48,https://www.boe.es/buscar/act.php?id=BOE-A-2005-21525
13,2006,Sanidad,3960565.88,https://www.boe.es/buscar/act.php?id=BOE-A-2005-21525
14,2006,Educación,1935359.21,https://www.boe.es/buscar/act.php?id=BOE-A-2005-21525
15,2006,Cultura,1027545.95,https://www.boe.es/buscar/act.php?id=BOE-A-2005-21525
16,2006,"Agricultura, pesca y alimentación",8479438.07,https://www.boe.es/buscar/act.php?id=BOE-A-2005-21525
17,2006,Industria y energía,1891336.27,https://www.boe.es/buscar/act.php?id=BOE-A-2005-21525
18,2006,"Comercio, Turismo y PYMES",1655144.54,https://www.boe.es/buscar/act.php?id=BOE-A-2005-21525
19,2006,Subvenciones al transporte,1579714.58,https://www.boe.es/buscar/act.php?id=BOE-A-2005-21525
X999,2006,Infraestructuras,12936903.49,https://www.boe.es/buscar/act.php?id=BOE-A-2005-21525
X999,2006,"Investigación, desarrollo e innovación",6545724.73,https://www.boe.es/buscar/act.php?id=BOE-A-2005-21525
22,2006,Otras actuaciones de carácter económico,710425.46,https://www.boe.es/buscar/act.php?id=BOE-A-2005-21525
X999,2006,Alta dirección,642522.24,https://www.boe.es/buscar/act.php?id=BOE-A-2005-21525
24,2006,Servicios de carácter general,7571097.72,https://www.boe.es/buscar/act.php?id=BOE-A-2005-21525
25,2006,Administración financiera y tributaria,1479055.44,https://www.boe.es/buscar/act.php?id=BOE-A-2005-21525
26,2006,Transferencias a otras Administraciones Públicas,56146487.22,https://www.boe.es/buscar/act.php?id=BOE-A-2005-21525
27,2006,Deuda Pública,17421700.00,https://www.boe.es/buscar/act.php?id=BOE-A-2005-21525
01,2007,Justicia,1451479.22,https://www.boe.es/buscar/act.php?id=BOE-A-2006-22865
02,2007,Defensa,7696385.63,https://www.boe.es/buscar/act.php?id=BOE-A-2006-22865
03,2007,Seguridad ciudadana e instituciones penitenciarias,8138416.89,https://www.boe.es/buscar/act.php?id=BOE-A-2006-22865
X999,2007,Política exterior,2287742.86,https://www.boe.es/buscar/act.php?id=BOE-A-2006-22865
05,2007,Pensiones,91458177.16,https://www.boe.es/buscar/act.php?id=BOE-A-2006-22865
06,2007,Otras prestaciones económicas,12797422.61,https://www.boe.es/buscar/act.php?id=BOE-A-2006-22865
07,2007,Servicios sociales y promoción social,1832557.83,https://www.boe.es/buscar/act.php?id=BOE-A-2006-22865
08,2007,Fomento del empleo,7286954.07,https://www.boe.es/buscar/act.php?id=BOE-A-2006-22865
09,2007,Desempleo,14470660.64,https://www.boe.es/buscar/act.php?id=BOE-A-2006-22865
10,2007,Acceso a la vivienda y fomento de la edificación,1247555.93,https://www.boe.es/buscar/act.php?id=BOE-A-2006-22865
X999,2007,Gestión y administración de la Seguridad Social,10453334.10,https://www.boe.es/buscar/act.php?id=BOE-A-2006-22865
13,2007,Sanidad,4200302.24,https://www.boe.es/buscar/act.php?id=BOE-A-2006-22865
14,2007,Educación,2485480.12,https://www.boe.es/buscar/act.php?id=BOE-A-2006-22865
15,2007,Cultura,1128299.32,https://www.boe.es/buscar/act.php?id=BOE-A-2006-22865
16,2007,"Agricultura, pesca y alimentación",8536302.69,https://www.boe.es/buscar/act.php?id=BOE-A-2006-22865
17,2007,Industria y energía,2117280.93,https://www.boe.es/buscar/act.php?id=BOE-A-2006-22865
18,2007,"Comercio, Turismo y PYMES",1168821.04,https://www.boe.es/buscar/act.php?id=BOE-A-2006-22865
19,2007,Subvenciones al transporte,1685138.93,https://www.boe.es/buscar/act.php?id=BOE-A-2006-22865
X999,2007,Infraestructuras,14237096.35,https://www.boe.es/buscar/act.php?id=BOE-A-2006-22865
X999,2007,"Investigación, desarrollo e innovación",8122756.61,https://www.boe.es/buscar/act.php?id=BOE-A-2006-22865
22,2007,Otras actuaciones de carácter económico,643684.94,https://www.boe.es/buscar/act.php?id=BOE-A-2006-22865
X999,2007,Alta dirección,715299.56,https://www.boe.es/buscar/act.php?id=BOE-A-2006-22865
24,2007,Servicios de carácter general,8553328.89,https://www.boe.es/buscar/act.php?id=BOE-A-2006-22865
25,2007,Administración financiera y tributaria,1558381.35,https://www.boe.es/buscar/act.php?id=BOE-A-2006-22865
26,2007,Transferencias a otras Administraciones Públicas,60993306.39,https://www.boe.es/buscar/act.php?id=BOE-A-2006-22865
27,2007,Deuda Pública,15925000.00,https://www.boe.es/buscar/act.php?id=BOE-A-2006-22865
01,2008,Justicia,1564029.53,https://www.boe.es/buscar/act.php?id=BOE-A-2007-22295
02,2008,Defensa,8149354.42,https://www.boe.es/buscar/act.php?id=BOE-A-2007-22295
03,2008,Seguridad ciudadana e instituciones penitenciarias,8874377.17,https://www.boe.es/buscar/act.php?id=BOE-A-2007-22295
X999,2008,Política exterior,3468485.31,https://www.boe.es/buscar/act.php?id=BOE-A-2007-22295
05,2008,Pensiones,98011776.73,https://www.boe.es/buscar/act.php?id=BOE-A-2007-22295
06,2008,Otras prestaciones económicas,14085292.38,https://www.boe.es/buscar/act.php?id=BOE-A-2007-22295
07,2008,Servicios sociales y promoción social,2087902.11,https://www.boe.es/buscar/act.php?id=BOE-A-2007-22295
08,2008,Fomento del empleo,7683831.77,https://www.boe.es/buscar/act.php?id=BOE-A-2007-22295
09,2008,Desempleo,15777076.66,https://www.boe.es/buscar/act.php?id=BOE-A-2007-22295
10,2008,Acceso a la vivienda y fomento de la edificación,1378397.14,https://www.boe.es/buscar/act.php?id=BOE-A-2007-22295
X999,2008,Gestión y administración de la Seguridad Social,11232721.48,https://www.boe.es/buscar/act.php?id=BOE-A-2007-22295
13,2008,Sanidad,4433817.23,https://www.boe.es/buscar/act.php?id=BOE-A-2007-22295
14,2008,Educación,2932624.67,https://www.boe.es/buscar/act.php?id=BOE-A-2007-22295
15,2008,Cultura,1220434.53,https://www.boe.es/buscar/act.php?id=BOE-A-2007-22295
16,2008,"Agricultura, pesca y alimentación",8998640.60,https://www.boe.es/buscar/act.php?id=BOE-A-2007-22295
17,2008,Industria y energía,2313355.34,https://www.boe.es/buscar/act.php?id=BOE-A-2007-22295
18,2008,"Comercio, turismo y PYMES",1120598.14,https://www.boe.es/buscar/act.php?id=BOE-A-2007-22295
19,2008,Subvenciones al transporte,1816997.02,https://www.boe.es/buscar/act.php?id=BOE-A-2007-22295
X999,2008,Infraestructuras,15169728.48,https://www.boe.es/buscar/act.php?id=BOE-A-2007-22295
X999,2008,"Investigación, desarrollo e innovación",9427939.55,https://www.boe.es/buscar/act.php?id=BOE-A-2007-22295
22,2008,Otras actuaciones de carácter económico,690650.99,https://www.boe.es/buscar/act.php?id=BOE-A-2007-22295
X999,2008,Alta dirección,769199.85,https://www.boe.es/buscar/act.php?id=BOE-A-2007-22295
24,2008,Servicios de carácter general,9029351.65,https://www.boe.es/buscar/act.php?id=BOE-A-2007-22295
25,2008,Administración financiera y tributaria,1627057.69,https://www.boe.es/buscar/act.php?id=BOE-A-2007-22295
26,2008,Transferencias a otras Administraciones Públicas,65849626.47,https://www.boe.es/buscar/act.php?id=BOE-A-2007-22295
27,2008,Deuda Pública,16609000.00,https://www.boe.es/buscar/act.php?id=BOE-A-2007-22295
01,2009,Justicia,1658493.28,https://www.boe.es/buscar/act.php?id=BOE-A-2008-20744
02,2009,Defensa,7846872.84,https://www.boe.es/buscar/act.php?id=BOE-A-2008-20744
03,2009,Seguridad ciudadana e instituciones penitenciarias,8649199.79,https://www.boe.es/buscar/act.php?id=BOE-A-2008-20744
X999,2009,Política exterior,3676851.14,https://www.boe.es/buscar/act.php?id=BOE-A-2008-20744
05,2009,Pensiones,106098578.82,https://www.boe.es/buscar/act.php?id=BOE-A-2008-20744
06,2009,Otras prestaciones económicas,14973334.84,https://www.boe.es/buscar/act.php?id=BOE-A-2008-20744
07,2009,Servicios sociales y promoción social,2508623.99,https://www.boe.es/buscar/act.php?id=BOE-A-2008-20744
08,2009,Fomento del empleo,7584159.32,https://www.boe.es/buscar/act.php?id=BOE-A-2008-20744
09,2009,Desempleo,19615945.86,https://www.boe.es/buscar/act.php?id=BOE-A-2008-20744
10,2009,Acceso a la vivienda y fomento de la edificación,1615932.54,https://www.boe.es/buscar/act.php?id=BOE-A-2008-20744
X999,2009,Gestión y administración de la Seguridad Social,12920486.48,https://www.boe.es/buscar/act.php?id=BOE-A-2008-20744
13,2009,Sanidad,4622916.91,https://www.boe.es/buscar/act.php?id=BOE-A-2008-20744
14,2009,Educación,2987690.28,https://www.boe.es/buscar/act.php?id=BOE-A-2008-20744
15,2009,Cultura,1284262.68,https://www.boe.es/buscar/act.php?id=BOE-A-2008-20744
16,2009,"Agricultura, pesca y alimentación",8861085.91,https://www.boe.es/buscar/act.php?id=BOE-A-2008-20744
17,2009,Industria y energía,2874544.97,https://www.boe.es/buscar/act.php?id=BOE-A-2008-20744
18,2009,"Comercio, turismo y PYMES",1626868.66,https://www.boe.es/buscar/act.php?id=BOE-A-2008-20744
19,2009,Subvenciones al transporte,1744318.41,https://www.boe.es/buscar/act.php?id=BOE-A-2008-20744
X999,2009,Infraestructuras,13573246.30,https://www.boe.es/buscar/act.php?id=BOE-A-2008-20744
X999,2009,"Investigación, desarrollo e innovación",9661798.82,https://www.boe.es/buscar/act.php?id=BOE-A-2008-20744
22,2009,Otras actuaciones de carácter económico,631361.93,https://www.boe.es/buscar/act.php?id=BOE-A-2008-20744
X999,2009,Alta dirección,763858.90,https://www.boe.es/buscar/act.php?id=BOE-A-2008-20744
24,2009,Servicios de carácter general,9021401.22,https://www.boe.es/buscar/act.php?id=BOE-A-2008-20744
25,2009,Administración financiera y tributaria,21596869.96,https://www.boe.es/buscar/act.php?id=BOE-A-2008-20744
26,2009,Transferencias a otras Administraciones Públicas,66414577.66,https://www.boe.es/buscar/act.php?id=BOE-A-2008-20744
27,2009,Deuda Pública,17400000.00,https://www.boe.es/buscar/act.php?id=BOE-A-2008-20744
01,2010,Justicia,1818796.36,https://www.boe.es/buscar/doc.php?id=BOE-A-2009-20765
02,2010,Defensa,7357062.90,https://www.boe.es/buscar/doc.php?id=BOE-A-2009-20765
03,2010,Seguridad ciudadana e instituciones penitenciarias,8872807.37,https://www.boe.es/buscar/doc.php?id=BOE-A-2009-20765
X999,2010,Política exterior,3547956.46,https://www.boe.es/buscar/doc.php?id=BOE-A-2009-20765
05,2010,Pensiones,108282711.67,https://www.boe.es/buscar/doc.php?id=BOE-A-2009-20765
06,2010,Otras prestaciones económicas,14402516.98,https://www.boe.es/buscar/doc.php?id=BOE-A-2009-20765
07,2010,Servicios sociales y promoción social,2737038.45,https://www.boe.es/buscar/doc.php?id=BOE-A-2009-20765
08,2010,Fomento del empleo,7750665.17,https://www.boe.es/buscar/doc.php?id=BOE-A-2009-20765
09,2010,Desempleo,30974836.28,https://www.boe.es/buscar/doc.php?id=BOE-A-2009-20765
X999,2010,Acceso vivienda y fomento de la edificación,1498064.74,https://www.boe.es/buscar/doc.php?id=BOE-A-2009-20765
X999,2010,Gestión y administración de la Seguridad Social,6362289.83,https://www.boe.es/buscar/doc.php?id=BOE-A-2009-20765
13,2010,Sanidad,4634601.85,https://www.boe.es/buscar/doc.php?id=BOE-A-2009-20765
14,2010,Educación,3092088.26,https://www.boe.es/buscar/doc.php?id=BOE-A-2009-20765
15,2010,Cultura,1198893.35,https://www.boe.es/buscar/doc.php?id=BOE-A-2009-20765
16,2010,"Agricultura, pesca y alimentación",8959117.58,https://www.boe.es/buscar/doc.php?id=BOE-A-2009-20765
17,2010,Industria y energía,3229336.16,https://www.boe.es/buscar/doc.php?id=BOE-A-2009-20765
18,2010,"Comercio, turismo y PYMES",1511350.60,https://www.boe.es/buscar/doc.php?id=BOE-A-2009-20765
X999,2010,Subvención al transporte,1186167.34,https://www.boe.es/buscar/doc.php?id=BOE-A-2009-20765
X999,2010,Infraestructuras,14886322.33,https://www.boe.es/buscar/doc.php?id=BOE-A-2009-20765
X999,2010,"Investigación, desarrollo e innovación",9270778.25,https://www.boe.es/buscar/doc.php?id=BOE-A-2009-20765
22,2010,Otras actuaciones de carácter económico,691435.64,https://www.boe.es/buscar/doc.php?id=BOE-A-2009-20765
X999,2010,Alta dirección,818190.32,https://www.boe.es/buscar/doc.php?id=BOE-A-2009-20765
24,2010,Servicios de carácter general,9314307.19,https://www.boe.es/buscar/doc.php?id=BOE-A-2009-20765
25,2010,Administración financiera y tributaria,1499960.10,https://www.boe.es/buscar/doc.php?id=BOE-A-2009-20765
26,2010,Transferencias a otras Administraciones Públicas,73598570.60,https://www.boe.es/buscar/doc.php?id=BOE-A-2009-20765
27,2010,Deuda Pública,23200000.00,https://www.boe.es/buscar/doc.php?id=BOE-A-2009-20765
01,2011,Justicia,1713254.53,https://www.boe.es/buscar/doc.php?id=BOE-A-2010-19703
02,2011,Defensa,6868197.37,https://www.boe.es/buscar/doc.php?id=BOE-A-2010-19703
03,2011,Seguridad ciudadana e instituciones penitenciarias,8401959.44,https://www.boe.es/buscar/doc.php?id=BOE-A-2010-19703
X999,2011,Política exterior,2747732.88,https://www.boe.es/buscar/doc.php?id=BOE-A-2010-19703
05,2011,Pensiones,112215755.17,https://www.boe.es/buscar/doc.php?id=BOE-A-2010-19703
06,2011,Otras prestaciones económicas,13576364.76,https://www.boe.es/buscar/doc.php?id=BOE-A-2010-19703
07,2011,Servicios sociales y promoción social,2521584.45,https://www.boe.es/buscar/doc.php?id=BOE-A-2010-19703
08,2011,Fomento del empleo,7329101.82,https://www.boe.es/buscar/doc.php?id=BOE-A-2010-19703
09,2011,Desempleo,30474059.63,https://www.boe.es/buscar/doc.php?id=BOE-A-2010-19703
10,2011,Acceso a la vivienda y fomento de la edificación,1218114.18,https://www.boe.es/buscar/doc.php?id=BOE-A-2010-19703
X999,2011,Gestión y administración de la Seguridad Social,7770590.96,https://www.boe.es/buscar/doc.php?id=BOE-A-2010-19703
13,2011,Sanidad,4255135.32,https://www.boe.es/buscar/doc.php?id=BOE-A-2010-19703
14,2011,Educación,2843428.35,https://www.boe.es/buscar/doc.php?id=BOE-A-2010-19703
15,2011,Cultura,1103994.90,https://www.boe.es/buscar/doc.php?id=BOE-A-2010-19703
16,2011,"Agricultura, pesca y alimentación",8578492.80,https://www.boe.es/buscar/doc.php?id=BOE-A-2010-19703
17,2011,Industria y energía,2800809.85,https://www.boe.es/buscar/doc.php?id=BOE-A-2010-19703
18,2011,"Comercio, turismo y PYMES",1432939.93,https://www.boe.es/buscar/doc.php?id=BOE-A-2010-19703
19,2011,Subvenciones al transporte,1018724.76,https://www.boe.es/buscar/doc.php?id=BOE-A-2010-19703
X999,2011,Infraestructuras,9577378.69,https://www.boe.es/buscar/doc.php?id=BOE-A-2010-19703
X999,2011,"Investigación, desarrollo e innovación",8586360.64,https://www.boe.es/buscar/doc.php?id=BOE-A-2010-19703
22,2011,Otras actuaciones de carácter económico ,668403.66,https://www.boe.es/buscar/doc.php?id=BOE-A-2010-19703
X999,2011,Alta dirección,679554.11,https://www.boe.es/buscar/doc.php?id=BOE-A-2010-19703
24,2011,Servicios de carácter general,7988306.41,https://www.boe.es/buscar/doc.php?id=BOE-A-2010-19703
25,2011,Administración financiera y tributaria,1410101.99,https://www.boe.es/buscar/doc.php?id=BOE-A-2010-19703
26,2011,Transferencias a otras Administraciones Públicas,42811178.51,https://www.boe.es/buscar/doc.php?id=BOE-A-2010-19703
27,2011,Deuda Pública,27400000.00,https://www.boe.es/buscar/doc.php?id=BOE-A-2010-19703
01,2012,Justicia,1612633.09,https://www.boe.es/buscar/act.php?id=BOE-A-2012-8745
02,2012,Defensa,6269315.18,https://www.boe.es/buscar/act.php?id=BOE-A-2012-8745
03,2012,Seguridad ciudadana e instituciones penitenciarias,8354908.59,https://www.boe.es/buscar/act.php?id=BOE-A-2012-8745
X999,2012,Política exterior,1680616.02,https://www.boe.es/buscar/act.php?id=BOE-A-2012-8745
05,2012,Pensiones,115825933.59,https://www.boe.es/buscar/act.php?id=BOE-A-2012-8745
06,2012,Otras prestaciones económicas,12013279.33,https://www.boe.es/buscar/act.php?id=BOE-A-2012-8745
07,2012,Servicios sociales y promoción social,2119017.07,https://www.boe.es/buscar/act.php?id=BOE-A-2012-8745
08,2012,Fomento del empleo,5764743.28,https://www.boe.es/buscar/act.php?id=BOE-A-2012-8745
09,2012,Desempleo,28805052.82,https://www.boe.es/buscar/act.php?id=BOE-A-2012-8745
10,2012,Acceso a la vivienda y fomento de la edificación,819912.29,https://www.boe.es/buscar/act.php?id=BOE-A-2012-8745
X999,2012,Gestión y administración de la Seguridad Social,2901115.02,https://www.boe.es/buscar/act.php?id=BOE-A-2012-8745
13,2012,Sanidad,3975624.53,https://www.boe.es/buscar/act.php?id=BOE-A-2012-8745
14,2012,Educación,2219464.77,https://www.boe.es/buscar/act.php?id=BOE-A-2012-8745
15,2012,Cultura,942462.90,https://www.boe.es/buscar/act.php?id=BOE-A-2012-8745
16,2012,"Agricultura, pesca y alimentación",8454632.36,https://www.boe.es/buscar/act.php?id=BOE-A-2012-8745
17,2012,Industria y energía,1897060.30,https://www.boe.es/buscar/act.php?id=BOE-A-2012-8745
18,2012,"Comercio, turismo y PYMES",1109967.16,https://www.boe.es/buscar/act.php?id=BOE-A-2012-8745
19,2012,Subvenciones al transporte,1616801.03,https://www.boe.es/buscar/act.php?id=BOE-A-2012-8745
X999,2012,Infraestructuras,7020033.47,https://www.boe.es/buscar/act.php?id=BOE-A-2012-8745
X999,2012,"Investigación, desarrollo e innovación",6386881.36,https://www.boe.es/buscar/act.php?id=BOE-A-2012-8745
22,2012,Otras actuaciones de carácter económico,590363.01,https://www.boe.es/buscar/act.php?id=BOE-A-2012-8745
X999,2012,Alta dirección,633350.09,https://www.boe.es/buscar/act.php?id=BOE-A-2012-8745
24,2012,Servicios de carácter general,6991682.62,https://www.boe.es/buscar/act.php?id=BOE-A-2012-8745
25,2012,Administración financiera y tributaria,5237718.35,https://www.boe.es/buscar/act.php?id=BOE-A-2012-8745
26,2012,Transferencias a otras Administraciones Públicas,49686069.35,https://www.boe.es/buscar/act.php?id=BOE-A-2012-8745
27,2012,Deuda Pública,28848000.00,https://www.boe.es/buscar/act.php?id=BOE-A-2012-8745
01,2013,Justicia,1542847.29,https://www.boe.es/buscar/act.php?id=BOE-A-2012-15651
02,2013,Defensa,5786011.87,https://www.boe.es/buscar/act.php?id=BOE-A-2012-15651
03,2013,Seguridad ciudadana e instituciones penitenciarias,7903484.72,https://www.boe.es/buscar/act.php?id=BOE-A-2012-15651
X999,2013,Política exterior,1495268.38,https://www.boe.es/buscar/act.php?id=BOE-A-2012-15651
05,2013,Pensiones,121556511.11,https://www.boe.es/buscar/act.php?id=BOE-A-2012-15651
06,2013,Otras prestaciones económicas,11880256.25,https://www.boe.es/buscar/act.php?id=BOE-A-2012-15651
07,2013,Servicios sociales y promoción social,2844993.57,https://www.boe.es/buscar/act.php?id=BOE-A-2012-15651
08,2013,Fomento del empleo,3771510.86,https://www.boe.es/buscar/act.php?id=BOE-A-2012-15651
09,2013,Desempleo,26993695.96,https://www.boe.es/buscar/act.php?id=BOE-A-2012-15651
10,2013,Acceso a la vivienda y fomento de la edificación,765875.88,https://www.boe.es/buscar/act.php?id=BOE-A-2012-15651
X999,2013,Gestión y administración de la Seguridad Social,4436298.79,https://www.boe.es/buscar/act.php?id=BOE-A-2012-15651
13,2013,Sanidad,3855771.11,https://www.boe.es/buscar/act.php?id=BOE-A-2012-15651
14,2013,Educación,1944852.76,https://www.boe.es/buscar/act.php?id=BOE-A-2012-15651
15,2013,Cultura,721711.65,https://www.boe.es/buscar/act.php?id=BOE-A-2012-15651
16,2013,"Agricultura, pesca y alimentación",7661865.98,https://www.boe.es/buscar/act.php?id=BOE-A-2012-15651
17,2013,Industria y energía,4574993.90,https://www.boe.es/buscar/act.php?id=BOE-A-2012-15651
18,2013,"Comercio, turismo y PYMES",889556.63,https://www.boe.es/buscar/act.php?id=BOE-A-2012-15651
19,2013,Subvenciones al transporte,1180030.35,https://www.boe.es/buscar/act.php?id=BOE-A-2012-15651
X999,2013,Infraestructuras,5965819.49,https://www.boe.es/buscar/act.php?id=BOE-A-2012-15651
X999,2013,"Investigación, desarrollo e innovación",5925838.17,https://www.boe.es/buscar/act.php?id=BOE-A-2012-15651
22,2013,Otras actuaciones de carácter económico,901304.57,https://www.boe.es/buscar/act.php?id=BOE-A-2012-15651
X999,2013,Alta dirección,595636.49,https://www.boe.es/buscar/act.php?id=BOE-A-2012-15651
24,2013,Servicios de carácter general,29843770.65,https://www.boe.es/buscar/act.php?id=BOE-A-2012-15651
25,2013,Administración financiera y tributaria,5501588.04,https://www.boe.es/buscar/act.php?id=BOE-A-2012-15651
26,2013,Transferencias a otras Administraciones Públicas,48316649.44,https://www.boe.es/buscar/act.php?id=BOE-A-2012-15651
27,2013,Deuda Pública,38589550.00,https://www.boe.es/buscar/act.php?id=BOE-A-2012-15651
01,2015,Justicia,1508154.45,https://www.boe.es/buscar/act.php?id=BOE-A-2014-13612
02,2015,Defensa,5711687.42,https://www.boe.es/buscar/act.php?id=BOE-A-2014-13612
03,2015,Seguridad ciudadana e instituciones penitenciarias,7843129.34,https://www.boe.es/buscar/act.php?id=BOE-A-2014-13612
X999,2015,Política exterior,1422426.13,https://www.boe.es/buscar/act.php?id=BOE-A-2014-13612
05,2015,Pensiones,131658531.37,https://www.boe.es/buscar/act.php?id=BOE-A-2014-13612
06,2015,Otras prestaciones económicas,10943652.91,https://www.boe.es/buscar/act.php?id=BOE-A-2014-13612
07,2015,Servicios sociales y promoción social,1944287.35,https://www.boe.es/buscar/act.php?id=BOE-A-2014-13612
08,2015,Fomento del empleo,4746361.41,https://www.boe.es/buscar/act.php?id=BOE-A-2014-13612
09,2015,Desempleo,25300040.46,https://www.boe.es/buscar/act.php?id=BOE-A-2014-13612
10,2015,Acceso a la vivienda y fomento de la edificación,587109.09,https://www.boe.es/buscar/act.php?id=BOE-A-2014-13612
X999,2015,Gestión y administración de la Seguridad Social,5344138.14,https://www.boe.es/buscar/act.php?id=BOE-A-2014-13612
13,2015,Sanidad,3863831.98,https://www.boe.es/buscar/act.php?id=BOE-A-2014-13612
14,2015,Educación,2272862.88,https://www.boe.es/buscar/act.php?id=BOE-A-2014-13612
15,2015,Cultura,749057.51,https://www.boe.es/buscar/act.php?id=BOE-A-2014-13612
16,2015,"Agricultura, pesca y alimentación",8579917.72,https://www.boe.es/buscar/act.php?id=BOE-A-2014-13612
17,2015,Industria y energía,6027761.96,https://www.boe.es/buscar/act.php?id=BOE-A-2014-13612
18,2015,"Comercio, turismo y PYMES",963301.86,https://www.boe.es/buscar/act.php?id=BOE-A-2014-13612
19,2015,Subvenciones al transporte,1340469.26,https://www.boe.es/buscar/act.php?id=BOE-A-2014-13612
X999,2015,Infraestructuras,6150015.23,https://www.boe.es/buscar/act.php?id=BOE-A-2014-13612
X999,2015,"Investigación, desarrollo e innovación",6395150.74,https://www.boe.es/buscar/act.php?id=BOE-A-2014-13612
22,2015,Otras actuaciones de carácter económico,927489.59,https://www.boe.es/buscar/act.php?id=BOE-A-2014-13612
X999,2015,Alta dirección,612823.51,https://www.boe.es/buscar/act.php?id=BOE-A-2014-13612
24,2015,Servicios de carácter general,28417446.84,https://www.boe.es/buscar/act.php?id=BOE-A-2014-13612
25,2015,Administración financiera y tributaria,1877804.10,https://www.boe.es/buscar/act.php?id=BOE-A-2014-13612
26,2015,Transferencias a otras Administraciones Públicas,47165889.60,https://www.boe.es/buscar/act.php?id=BOE-A-2014-13612
27,2015,Deuda Pública,35490000.00,https://www.boe.es/buscar/act.php?id=BOE-A-2014-13612
01,2016,Justicia,1604311.79,https://www.boe.es/buscar/act.php?id=BOE-A-2015-11644
02,2016,Defensa,5734291.91,https://www.boe.es/buscar/act.php?id=BOE-A-2015-11644
03,2016,Seguridad ciudadana e instituciones penitenciarias,7903617.60,https://www.boe.es/buscar/act.php?id=BOE-A-2015-11644
X999,2016,Política exterior,1477939.85,https://www.boe.es/buscar/act.php?id=BOE-A-2015-11644
05,2016,Pensiones,135448925.79,https://www.boe.es/buscar/act.php?id=BOE-A-2015-11644
06,2016,Otras prestaciones económicas,11685709.21,https://www.boe.es/buscar/act.php?id=BOE-A-2015-11644
07,2016,Servicios sociales y promoción social,2296222.52,https://www.boe.es/buscar/act.php?id=BOE-A-2015-11644
08,2016,Fomento del empleo,5214915.94,https://www.boe.es/buscar/act.php?id=BOE-A-2015-11644
09,2016,Desempleo,19620938.90,https://www.boe.es/buscar/act.php?id=BOE-A-2015-11644
10,2016,Acceso a la vivienda y fomento de la edificación,587109.09,https://www.boe.es/buscar/act.php?id=BOE-A-2015-11644
X999,2016,Gestión y administración de la Seguridad Social,5990123.50,https://www.boe.es/buscar/act.php?id=BOE-A-2015-11644
13,2016,Sanidad,4000117.65,https://www.boe.es/buscar/act.php?id=BOE-A-2015-11644
14,2016,Educación,2484280.81,https://www.boe.es/buscar/act.php?id=BOE-A-2015-11644
15,2016,Cultura,806759.34,https://www.boe.es/buscar/act.php?id=BOE-A-2015-11644
16,2016,"Agricultura, pesca y alimentación",7403252.30,https://www.boe.es/buscar/act.php?id=BOE-A-2015-11644
17,2016,Industria y energía,5457019.46,https://www.boe.es/buscar/act.php?id=BOE-A-2015-11644
18,2016,"Comercio, turismo y PYMES",982618.81,https://www.boe.es/buscar/act.php?id=BOE-A-2015-11644
19,2016,Subvenciones al transporte,1424067.76,https://www.boe.es/buscar/act.php?id=BOE-A-2015-11644
X999,2016,Infraestructuras,6048971.96,https://www.boe.es/buscar/act.php?id=BOE-A-2015-11644
X999,2016,"Investigación, desarrollo e innovación",6425162.27,https://www.boe.es/buscar/act.php?id=BOE-A-2015-11644
22,2016,Otras actuaciones de carácter económico,665352.64,https://www.boe.es/buscar/act.php?id=BOE-A-2015-11644
X999,2016,Alta dirección,633570.89,https://www.boe.es/buscar/act.php?id=BOE-A-2015-11644
24,2016,Servicios de carácter general,33998157.19,https://www.boe.es/buscar/act.php?id=BOE-A-2015-11644
25,2016,Administración financiera y tributaria,1656815.13,https://www.boe.es/buscar/act.php?id=BOE-A-2015-11644
26,2016,Transferencias a otras Administraciones Públicas,48816042.45,https://www.boe.es/buscar/act.php?id=BOE-A-2015-11644
27,2016,Deuda Pública,33490000.00,https://www.boe.es/buscar/act.php?id=BOE-A-2015-11644
01,2018,Justicia,1726190.93,https://www.boe.es/buscar/act.php?id=BOE-A-2017-7387
02,2018,Defensa,7575592.87,https://www.boe.es/buscar/act.php?id=BOE-A-2017-7387
03,2018,Seguridad ciudadana e instituciones penitenciarias,7912330.49,https://www.boe.es/buscar/act.php?id=BOE-A-2017-7387
X999,2018,Política exterior,1521698.50,https://www.boe.es/buscar/act.php?id=BOE-A-2017-7387
05,2018,Pensiones,139646723.08,https://www.boe.es/buscar/act.php?id=BOE-A-2017-7387
06,2018,Otras prestaciones económicas,13511898.23,https://www.boe.es/buscar/act.php?id=BOE-A-2017-7387
07,2018,Servicios sociales y promoción social,2408293.27,https://www.boe.es/buscar/act.php?id=BOE-A-2017-7387
08,2018,Fomento del empleo,5499254.75,https://www.boe.es/buscar/act.php?id=BOE-A-2017-7387
09,2018,Desempleo,18318312.65,https://www.boe.es/buscar/act.php?id=BOE-A-2017-7387
10,2018,Acceso a la vivienda y fomento de la edificación,474242.03,https://www.boe.es/buscar/act.php?id=BOE-A-2017-7387
X999,2018,Gestión y administración de la Seguridad Social,14287731.22,https://www.boe.es/buscar/act.php?id=BOE-A-2017-7387
13,2018,Sanidad,4093477.83,https://www.boe.es/buscar/act.php?id=BOE-A-2017-7387
14,2018,Educación,2523816.20,https://www.boe.es/buscar/act.php?id=BOE-A-2017-7387
15,2018,Cultura,802592.03,https://www.boe.es/buscar/act.php?id=BOE-A-2017-7387
16,2018,"Agricultura, pesca y alimentación",7412500.29,https://www.boe.es/buscar/act.php?id=BOE-A-2017-7387
17,2018,Industria y energía,5432171.09,https://www.boe.es/buscar/act.php?id=BOE-A-2017-7387
18,2018,"Comercio, turismo y PYMES",875387.05,https://www.boe.es/buscar/act.php?id=BOE-A-2017-7387
19,2018,Subvenciones al transporte,1421025.89,https://www.boe.es/buscar/act.php?id=BOE-A-2017-7387
X999,2018,Infraestructuras,5453144.31,https://www.boe.es/buscar/act.php?id=BOE-A-2017-7387
X999,2018,"Investigación, desarrollo e innovación",6502620.63,https://www.boe.es/buscar/act.php?id=BOE-A-2017-7387
22,2018,Otras actuaciones de carácter económico,555556.67,https://www.boe.es/buscar/act.php?id=BOE-A-2017-7387
X999,2018,Alta dirección,652414.92,https://www.boe.es/buscar/act.php?id=BOE-A-2017-7387
24,2018,Servicios de carácter general,24728302.83,https://www.boe.es/buscar/act.php?id=BOE-A-2017-7387
25,2018,Administración financiera y tributaria,1382390.38,https://www.boe.es/buscar/act.php?id=BOE-A-2017-7387
26,2018,Transferencias a otras Administraciones Públicas,48222511.07,https://www.boe.es/buscar/act.php?id=BOE-A-2017-7387
27,2018,Deuda Pública,32171000.00,https://www.boe.es/buscar/act.php?id=BOE-A-2017-7387
01,2019,Justicia,1780744.41,https://www.boe.es/buscar/act.php?id=BOE-A-2018-9268
02,2019,Defensa,8400561.54,https://www.boe.es/buscar/act.php?id=BOE-A-2018-9268
03,2019,Seguridad ciudadana e instituciones penitenciarias,8418138.71,https://www.boe.es/buscar/act.php?id=BOE-A-2018-9268
X999,2019,Política exterior,1581443.50,https://www.boe.es/buscar/act.php?id=BOE-A-2018-9268
05,2019,Pensiones,144834305.66,https://www.boe.es/buscar/act.php?id=BOE-A-2018-9268
06,2019,Otras prestaciones económicas,14388365.95,https://www.boe.es/buscar/act.php?id=BOE-A-2018-9268
07,2019,Servicios sociales y promoción social,2630336.56,https://www.boe.es/buscar/act.php?id=BOE-A-2018-9268
08,2019,Fomento del empleo,5716143.35,https://www.boe.es/buscar/act.php?id=BOE-A-2018-9268
09,2019,Desempleo,17702180.62,https://www.boe.es/buscar/act.php?id=BOE-A-2018-9268
10,2019,Acceso a la vivienda y fomento de la edificación,481242.38,https://www.boe.es/buscar/act.php?id=BOE-A-2018-9268
X999,2019,Gestión y administración de la Seguridad Social,17296740.17,https://www.boe.es/buscar/act.php?id=BOE-A-2018-9268
13,2019,Sanidad,4253251.86,https://www.boe.es/buscar/act.php?id=BOE-A-2018-9268
14,2019,Educación,2581904.73,https://www.boe.es/buscar/act.php?id=BOE-A-2018-9268
15,2019,Cultura,856152.14,https://www.boe.es/buscar/act.php?id=BOE-A-2018-9268
16,2019,"Agricultura, pesca y alimentación",7500180.83,https://www.boe.es/buscar/act.php?id=BOE-A-2018-9268
17,2019,Industria y energía,5768827.92,https://www.boe.es/buscar/act.php?id=BOE-A-2018-9268
18,2019,"Comercio, turismo y PYMES",896202.75,https://www.boe.es/buscar/act.php?id=BOE-A-2018-9268
19,2019,Subvenciones al transporte,2148762.09,https://www.boe.es/buscar/act.php?id=BOE-A-2018-9268
X999,2019,Infraestructuras,5656508.44,https://www.boe.es/buscar/act.php?id=BOE-A-2018-9268
X999,2019,"Investigación, desarrollo e innovación",7050074.76,https://www.boe.es/buscar/act.php?id=BOE-A-2018-9268
22,2019,Otras actuaciones de carácter económico,639474.99,https://www.boe.es/buscar/act.php?id=BOE-A-2018-9268
23,2019,"Órganos constitucionales, Gobierno y otros",681462.60,https://www.boe.es/buscar/act.php?id=BOE-A-2018-9268
24,2019,Servicios de carácter general,24658607.36,https://www.boe.es/buscar/act.php?id=BOE-A-2018-9268
25,2019,Administración financiera y tributaria,1389528.85,https://www.boe.es/buscar/act.php?id=BOE-A-2018-9268
26,2019,Transferencias a otras Administraciones Públicas,49510401.92,https://www.boe.es/buscar/act.php?id=BOE-A-2018-9268
27,2019,Deuda Pública,31547483.77,https://www.boe.es/buscar/act.php?id=BOE-A-2018-9268
01,2021,Justicia,2048130.86,https://www.boe.es/buscar/act.php?id=BOE-A-2020-17339
02,2021,Defensa,9072014.33,https://www.boe.es/buscar/act.php?id=BOE-A-2020-17339
03,2021,Seguridad ciudadana e instituciones penitenciarias,9694414.96,https://www.boe.es/buscar/act.php?id=BOE-A-2020-17339
X999,2021,Política exterior,1882007.70,https://www.boe.es/buscar/act.php?id=BOE-A-2020-17339
05,2021,Pensiones,163296580.73,https://www.boe.es/buscar/act.php?id=BOE-A-2020-17339
06,2021,Otras prestaciones económicas,20622903.69,https://www.boe.es/buscar/act.php?id=BOE-A-2020-17339
07,2021,Servicios sociales y promoción social,5201178.94,https://www.boe.es/buscar/act.php?id=BOE-A-2020-17339
08,2021,Fomento del empleo,7404808.73,https://www.boe.es/buscar/act.php?id=BOE-A-2020-17339
09,2021,Desempleo,25011796.59,https://www.boe.es/buscar/act.php?id=BOE-A-2020-17339
10,2021,Acceso a la vivienda y fomento de la edificación,2253095.38,https://www.boe.es/buscar/act.php?id=BOE-A-2020-17339
11,2021,Gestión y administración de trabajo y economía social,104150.44,https://www.boe.es/buscar/act.php?id=BOE-A-2020-17339
12,2021,Gestión y administración de la inclusión de la Seguridad Social y de la migración,2499120.21,https://www.boe.es/buscar/act.php?id=BOE-A-2020-17339
13,2021,Sanidad,7329683.78,https://www.boe.es/buscar/act.php?id=BOE-A-2020-17339
14,2021,Educación,4893456.13,https://www.boe.es/buscar/act.php?id=BOE-A-2020-17339
15,2021,Cultura,1148063.83,https://www.boe.es/buscar/act.php?id=BOE-A-2020-17339
16,2021,"Agricultura, pesca y alimentación",8405077.71,https://www.boe.es/buscar/act.php?id=BOE-A-2020-17339
17,2021,Industria y energía,11176462.19,https://www.boe.es/buscar/act.php?id=BOE-A-2020-17339
18,2021,"Comercio, turismo y PYMES",2220008.18,https://www.boe.es/buscar/act.php?id=BOE-A-2020-17339
19,2021,Subvenciones al transporte,2618291.54,https://www.boe.es/buscar/act.php?id=BOE-A-2020-17339
20,2021,Infraestructuras y ecosistemas resilientes,11473421.40,https://www.boe.es/buscar/act.php?id=BOE-A-2020-17339
21,2021,"Investigación, desarrollo, innovación y digitalización",12344566.74,https://www.boe.es/buscar/act.php?id=BOE-A-2020-17339
22,2021,Otras actuaciones de carácter económico,1107885.94,https://www.boe.es/buscar/act.php?id=BOE-A-2020-17339
23,2021,"Órganos constitucionales, Gobierno y otros",752090.48,https://www.boe.es/buscar/act.php?id=BOE-A-2020-17339
24,2021,Servicios de carácter general,39932671.45,https://www.boe.es/buscar/act.php?id=BOE-A-2020-17339
25,2021,Administración financiera y tributaria,1564087.68,https://www.boe.es/buscar/act.php?id=BOE-A-2020-17339
26,2021,Transferencias a otras Administraciones Públicas,70342163.71,https://www.boe.es/buscar/act.php?id=BOE-A-2020-17339
27,2021,Deuda Pública,31675104.09,https://www.boe.es/buscar/act.php?id=BOE-A-2020-17339
01,2022,Justicia,2283549.40,https://www.boe.es/buscar/act.php?id=BOE-A-2021-21653
02,2022,Defensa,9790811.51,https://www.boe.es/buscar/act.php?id=BOE-A-2021-21653
03,2022,Seguridad ciudadana e instituciones penitenciarias,10148792.92,https://www.boe.es/buscar/act.php?id=BOE-A-2021-21653
04,2022,Política exterior y de Cooperación para el Desarrollo,2253519.82,https://www.boe.es/buscar/act.php?id=BOE-A-2021-21653
05,2022,Pensiones,171139653.31,https://www.boe.es/buscar/act.php?id=BOE-A-2021-21653
06,2022,Otras prestaciones económicas,20974483.87,https://www.boe.es/buscar/act.php?id=BOE-A-2021-21653
07,2022,Servicios sociales y promoción social,6179087.07,https://www.boe.es/buscar/act.php?id=BOE-A-2021-21653
08,2022,Fomento del empleo,7647927.04,https://www.boe.es/buscar/act.php?id=BOE-A-2021-21653
09,2022,Desempleo,22457097.22,https://www.boe.es/buscar/act.php?id=BOE-A-2021-21653
10,2022,Acceso a la vivienda y fomento de la edificación,3295195.06,https://www.boe.es/buscar/act.php?id=BOE-A-2021-21653
11,2022,Gestión y administración de trabajo y economía social,142939.78,https://www.boe.es/buscar/act.php?id=BOE-A-2021-21653
12,2022,Gestión y administración de la inclusión de la Seguridad Social y de la migración,3336308.63,https://www.boe.es/buscar/act.php?id=BOE-A-2021-21653
13,2022,Sanidad,6606049.94,https://www.boe.es/buscar/act.php?id=BOE-A-2021-21653
14,2022,Educación,5022783.88,https://www.boe.es/buscar/act.php?id=BOE-A-2021-21653
15,2022,Cultura,1589332.19,https://www.boe.es/buscar/act.php?id=BOE-A-2021-21653
16,2022,"Agricultura, pesca y alimentación",8845249.72,https://www.boe.es/buscar/act.php?id=BOE-A-2021-21653
17,2022,Industria y energía,11313634.81,https://www.boe.es/buscar/act.php?id=BOE-A-2021-21653
18,2022,"Comercio, turismo y PYMES",2932002.37,https://www.boe.es/buscar/act.php?id=BOE-A-2021-21653
19,2022,Subvenciones al transporte,2720595.49,https://www.boe.es/buscar/act.php?id=BOE-A-2021-21653
20,2022,Infraestructuras y ecosistemas resilientes,11842660.13,https://www.boe.es/buscar/act.php?id=BOE-A-2021-21653
21,2022,"Investigación, desarrollo, innovación y digitalización",13298386.88,https://www.boe.es/buscar/act.php?id=BOE-A-2021-21653
22,2022,Otras actuaciones de carácter económico,1393168.56,https://www.boe.es/buscar/act.php?id=BOE-A-2021-21653
23,2022,"Órganos constitucionales, Gobierno y otros",789134.55,https://www.boe.es/buscar/act.php?id=BOE-A-2021-21653
24,2022,Servicios de carácter general,30452795.90,https://www.boe.es/buscar/act.php?id=BOE-A-2021-21653
25,2022,Administración financiera y tributaria,1611385.40,https://www.boe.es/buscar/act.php?id=BOE-A-2021-21653
26,2022,Transferencias a otras Administraciones Públicas,70727918.05,https://www.boe.es/buscar/act.php?id=BOE-A-2021-21653
27,2022,Deuda Pública,30175104.09,https://www.boe.es/buscar/act.php?id=BOE-A-2021-21653
01,2023,Justicia,2291318.48,https://www.boe.es/buscar/act.php?id=BOE-A-2022-22128
02,2023,Defensa,12316829.07,https://www.boe.es/buscar/act.php?id=BOE-A-2022-22128
03,2023,Seguridad ciudadana e instituciones penitenciarias,10719204.60,https://www.boe.es/buscar/act.php?id=BOE-A-2022-22128
04,2023,Política exterior y de Cooperación para el Desarrollo,2425506.04,https://www.boe.es/buscar/act.php?id=BOE-A-2022-22128
05,2023,Pensiones,190687246.15,https://www.boe.es/buscar/act.php?id=BOE-A-2022-22128
06,2023,Otras prestaciones económicas,22299766.43,https://www.boe.es/buscar/act.php?id=BOE-A-2022-22128
07,2023,Servicios sociales y promoción social,7116821.58,https://www.boe.es/buscar/act.php?id=BOE-A-2022-22128
08,2023,Fomento del empleo,8028785.39,https://www.boe.es/buscar/act.php?id=BOE-A-2022-22128
09,2023,Desempleo,21278019.88,https://www.boe.es/buscar/act.php?id=BOE-A-2022-22128
10,2023,Acceso a la vivienda y fomento de la edificación,3476835.65,https://www.boe.es/buscar/act.php?id=BOE-A-2022-22128
11,2023,Gestión y administración de trabajo y economía social,193468.48,https://www.boe.es/buscar/act.php?id=BOE-A-2022-22128
12,2023,"Gestión y administración de la inclusión, de la Seguridad Social y de la migración",7162231.25,https://www.boe.es/buscar/act.php?id=BOE-A-2022-22128
13,2023,Sanidad,7049082.76,https://www.boe.es/buscar/act.php?id=BOE-A-2022-22128
14,2023,Educación,5354973.35,https://www.boe.es/buscar/act.php?id=BOE-A-2022-22128
15,2023,Cultura,1803689.82,https://www.boe.es/buscar/act.php?id=BOE-A-2022-22128
16,2023,"Agricultura, pesca y alimentación",8868482.65,https://www.boe.es/buscar/act.php?id=BOE-A-2022-22128
17,2023,Industria y energía,10154333.15,https://www.boe.es/buscar/act.php?id=BOE-A-2022-22128
18,2023,"Comercio, turismo y PYMES",3096078.05,https://www.boe.es/buscar/act.php?id=BOE-A-2022-22128
19,2023,Subvenciones al transporte,3447680.30,https://www.boe.es/buscar/act.php?id=BOE-A-2022-22128
20,2023,Infraestructuras y ecosistemas resilientes,12609089.58,https://www.boe.es/buscar/act.php?id=BOE-A-2022-22128
21,2023,"Investigación, desarrollo, innovación y digitalización",17766985.03,https://www.boe.es/buscar/act.php?id=BOE-A-2022-22128
22,2023,Otras actuaciones de carácter económico,1450766.23,https://www.boe.es/buscar/act.php?id=BOE-A-2022-22128
23,2023,"Órganos constitucionales, Gobierno y otros",933290.40,https://www.boe.es/buscar/act.php?id=BOE-A-2022-22128
24,2023,Servicios de carácter general,25969487.61,https://www.boe.es/buscar/act.php?id=BOE-A-2022-22128
25,2023,Administración financiera y tributaria,1753485.71,https://www.boe.es/buscar/act.php?id=BOE-A-2022-22128
26,2023,Transferencias a otras Administraciones Públicas,66457250.49,https://www.boe.es/buscar/act.php?id=BOE-A-2022-22128
27,2023,Deuda Pública,31275104.09,https://www.boe.es/buscar/act.php?id=BOE-A-2022-22128
